text,label,domain
Зеленскэй бу эпэрээссийэтин байыаннай сыалын НАТО да билбэт эбит.,negative,kyym
"Тоҕо диэтэххэ, мин саныахпар, кинини кытары ыкса эт-хаан сыһыаннаһыытыгар киирэн хааллахпытына, аны чугасыһан хаалыахпытын сөп этэ.",neutral,kyym
"Сымнаҕас, сиргэмтэҕэ суоҕа. Бултуурбар үксүн сиэтэ сылдьааччыбын.",positive,kyym
"Бу идэни аҕам сүбэтинэн талан ылан, “Кини дьыалатыгар тэҥҥэ үлэлэһиэм” диэн санааттан үөрэммитим.",positive,kyym
Айаҥҥа ийэбит атааран айгыстыбат идэлээҕэ.,neutral,kyym
"Онон дьон-сэргэ хараҕын далыгар, наада буоллаҕына сынньанан да ааһалларын курдук сэлиэнньэ ортотугар тутуохха”, – диэтим.",neutral,kyym
"Онуоха, ол кыыл кинилэртэн арахпатах.",neutral,kyym
Итини Чечняҕа буолбут сэрии туоһулуур.,neutral,kyym
Арай кыһын ЯТЭК гаас хостуур сиригэр туох эмэ улахан саахал буоллун?,negative,kyym
Өй­дөөҕүн даҕаны аҕыйахтык көрөрүм.,neutral,kyym
"Арай кэлэр-барар сирэ суох хааллаххытына, ханна кэлэргитин билэҕит”, – диэн судургутук хоруйдуура.",neutral,kyym
"Түөрт сыл иһигэр 1-кы эрэсэрээттээх тустууктан олимпийскай чөмпүйүөн, аан дойду үс төгүллээх чөмпүйүөнэ буола үүнэрэ киһи өйүгэр баппат холобур.",positive,kyym
Бастаан Набережнайтан саҕалаан “Юность” эбии үөрэхтээһин киинигэр диэри территория оҥоһуллубута.,neutral,kyym
"Министиэристибэ тула бүддьүөттэн үбүлэнэр атын тэрилтэлэр, ГБУ-лар элбэхтэр.",neutral,kyym
Судьуйа уонна борокуруор кини албакаатын этиитин ылымматылар.,neutral,kyym
Мария чаайын сыпсырыйа-сыпсырыйа умса туттан саҥара олордо.,negative,kyym
Онно биэс уончалаах киһи тиийэн кэлбитэ.,neutral,kyym
"Билигин дьон-сэргэ үбүн-харчытын сүрдээҕин суоттанар, онон бырагырааманы ымпыктаан-чымпыктаан талаллар.",positive,kyym
"Оттон алмаас көмүстээҕэр күндү, үрүҥ көмүстээҕэр ыраас уонна тимирдээҕэр кытаанах.",positive,kyym
Кини биэс тыһыынча биэнсийэтигэр олор­буппут.,neutral,kyym
"Табаhыттар Арассыыйатааҕы сойуустарын тэрээhиннэригэр Чукотка, Сахалин, Тыва, Саха сирин, Хабаровскай кыраай уо.",neutral,kyym
Үчүгэй олохтоох дьон миэхэ сылдьыбаттар.,negative,kyym
"Кэлгиэлээх буолуон сөп, ону уҥуох тас өттүгэр өссө биир уһун синньигэс үөрбэ маһа көстүбүтэ туоһулуур.",neutral,kyym
"Мэҥэ Хаҥалас Балыктааҕар оскуола дириэктэрэ Ирина Васильевна Черкашина көҕүлээһининэн, оскуола кэлэктиибэ бэйэтин күүһүнэн оскуолатын өрөмүөннээбитэ, интэринээтигэр үлэ бөҕөнү ыыппыта.",neutral,kyym
"Арассыыйа күүһүн мунньан, ити чаастары Курскайга үлтүрүттэҕинэ, Украина утарылаһар күүһэ бүтэр” дииллэр.",neutral,kyym
"Кини бэйэтэ сопхуоска инженер-мэхээнньигинэн үлэлээбитэ эрээри, “Саха сирин ыччата хайаан да бырамыысыланнаска үлэлиэхтээх” диэн бигэтик эрэнэр этэ.",positive,kyym
Инньэ гынан көрүллүбүт үп нэһилиэк олохтоохторугар хаалар.,neutral,kyym
"Бу сибиинньэлэр турар сирдэрин үлтү хаһан, буору илдьиритэн, уоҕурдан оҕуруокка туһанарга  олус бэрт гына оҥоруох эбиттэр.",neutral,kyym
"Онно үлэһиттэрбит булугас, сытыы өйдөрө, үлэ хаамыытын тупсарарга дьулуурдара тирэх буолла.",positive,kyym
Бары “үтүө дьыаланы оҥордорбун” диэн санаалаах кыттыспыттара.,positive,kyym
"Эдэр дьон үөрэхтэрин бүтэрбиттэрин да иһин, тыа сиригэр төннүбэттэр.",negative,kyym
"Медиахакатон” туһунан үөрэххэ бииргэ сылдьыбыт, былырыын бэйэлэрэ онно кыттыбыт оҕолор кэпсээбиттэрэ.",neutral,kyym
"Дьахталларга урут эрэллээх-бэриниилээх буолууну, хаһаайыстыбанньаҥы, оҕоҕо тапталы талар эбит буоллахтарына, билигин олохтоохтор 71 %-нара итини ааттаабат, талбат буолбут.",negative,kyym
"Тоҕо диэтэххэ, илиигинэн харчыны туттаххына, төбөҥ, мэйииҥ тэҥинэн үлэлииллэр.",neutral,kyym
"Улуу айымньы тугу биэрэр, туохха туһалыыр дии саныыгын?",neutral,kyym
"Наһаа субу-субу уларыйар буоллаҕына, ыарыыга ылларыахха сөп.",neutral,kyym
"Манна бэлиэтээн этэххэ, ХИФУ алмаас салаатыгар  каадыры бэлэмнээн биэрэр кылаабынай үөрэх кыһаларыттан биирдэстэрэ буолар.",positive,kyym
Урут хаста да ТХМ хонтуруолунай ыамнары оҥоро сылдьыбытыгар “приписка” бөҕө тахсан кэлбитин кэннэ тохтоппуттар дииллэр.,neutral,kyym
"Биһиги, уус-уран литэрэтиирэбит сайдарыгар баҕалаах ааҕааччылар, бу түбэлтэҕэ ханна кырдьык, ханна сымыйа баарын өйдүөхтээхпит уонна кырдьык диэки тардыһыахтаахпыт.",neutral,kyym
"6 Ол курдук, олохтоох бэйэни салайыныы уорганнарын кииннээһиҥҥэ, уокуруктар тэриллиилэрин механизмын туһунан, олохтоох бэйэни салайыныы боломуочуйатын туһунан, сири-уоту бас билии боппуруостарыгар уонна бюджет, налуок сокуонугар  туох уларыйыы киирэрин чопчуластым.",neutral,kyym
Үйэтин тухары сүөһү үлэтиттэн илиитин араарбатах ытык киһи т/х-тын билиҥҥи туругун туһунан санаатын истиэҕиҥ.,neutral,kyym
Николай уонна Петр диэннэр.,neutral,kyym
"Лиссиэнсийэни судаарыстыбаҕа биэрбиппит», – диир Александр РАЗУМОВ.",neutral,kyym
Маҥнай орто оскуола дириэктэрин солбуйааччытын кытта эгил-тэгил  испиппит.,neutral,kyym
"ЯТЭК ахтыллыбытынан, “тэрилтэ гаас үрдүгэр олорон, массыына уматыгынан куораты хааччыйбат буоллаҕына, Кыһыл Сыырга туох эрэ улахан саахал буолбутун кистииллэр дуу?",negative,kyym
Саха тыа сиригэр үөскээбитэ.,neutral,kyym
Онтон 2000 сыллаахха “Якутия” ФАПК сыһыарыллыбыппыт.,neutral,kyym
"Бэстибээли тэрийээччи, СӨ Аччыгый академиятын креативнай индустрияҕа настаабынньыга Сергей Захлинюк Калининград уобалаһыгар Талааннаах оҕолору сайыннарар кииҥҥэ научнай-мэтэдьиичэскэй үлэҕэ дириэктэри солбуйааччы этэ.",neutral,kyym
"Бастакытынан, былаас бары министиэристибэлэрэ, биэдэмистибэлэрэ, үлэ кэлэктииптэрэ уо.",neutral,kyym
"Өрөспүүбүлүкэбитигэр “Саха сирэ 21-с үйэҕэ” диэн “Үтүө дьыала хамсааһын” үлэлээбитэ 25 сыл буолла. Бу сыллар тухары үгүс улууска, нэһилиэккэ бэйэ күүһүнэн социальнай эбийиэк бөҕөтө тутулунна.",neutral,kyym
"Сайын пропан оҥоһуута аҕыйыыр, тиийбэтин хаһаастан ылан сапыраапкаларга түҥэтэбит.",neutral,kyym
"Оттон саамай элбэх үп, куорат бүддьүөтүн 70 бырыһыана оскуолаҕа барар.",neutral,kyym
Биткоин ахсаана эмиэ хааччахтаах – 21 мөл.,neutral,kyym
Айылҕа тыыннааҕа хайа баҕарар омукка – дьоло.,positive,kyym
а. син биир баар буолар.,neutral,kyym
"Мин дьокутааттар соруйан харчыны оҕо аһылыгар кэмчилииллэр диэбэппин, бүддьүөккэ, чахчы, харчы суох.",negative,kyym
"Чуолаан, СӨ Суруйааччыларын сойууһугар чилиэннэри ылыы аҕыйах сылтан бэттэх, устаап ирдэбилинэн буолбакка, аҕыйах киһи быһаарыытынан барар буолбута билиннэ.",neutral,kyym
"Төлөбүрэ: 25 куул хаппыыстаны толордоххо, 1 куулу ылаҕын.",neutral,kyym
"Бииргэ төрөөбүт эдьиийим Валерия хореограф идэлээх, улахан быраатым Василий Сатаҕай кулуубугар оператор, аччыгый быраатым Долун куоракка Эстрада тыйаатырыгар үлэлиир.",neutral,kyym
Билигин аан дойду барыта “парник эффегин” утары охсуһар.,neutral,kyym
Түмүгэр мустубут дьон Ил Дархан Айсен Николаев итиэннэ өрөспүүбүлүкэ Үрдүкү суутун Бэрэссэдээтэлэ Любовь Летучих ааттарыгар аһаҕас сурук суруйарга быһаарыннылар.,neutral,kyym
"Баҕар, притоннар, “мамкалаах-папкалаах” сулууспаларга баара буолуо эрээри, мин оннугу билбэппин.",negative,kyym
Хайа да улууска биһиги курдук элбэх дьоруойдара суох.,positive,kyym
Мин биирдэ эмэ имэҥнээх түүллэри түһээччибин.,negative,kyym
"Арассыыйа олохтоохторо кыттыгас төрөппүтү, партнёру көрдүүллэригэр интэриниэти холбоон, “Ребёнку быть” порталга киирэн булар кыахтаахтара суруллар.",neutral,kyym
"Тэрилтэ үлэтин сыалын-соругун нэһилиэнньэҕэ тарҕатан, бу уурунуу уонна иэс ылар тэрилтэ эрэ буолбатаҕын, маны сэргэ нэһилиэнньэҕэ “финансовая грамотность” диэн өйдөбүлү тиэрдэр сыаллаахпытын тиэрдэр этим.",neutral,kyym
"Улахан уолбут 25 саастаах, хайыы үйэ үлэһит.",neutral,kyym
Сууммата: 30 000–2 000 000 солк.,neutral,kyym
"Холмогуор боруода ынахпыт ахсаана – 1067, онтон ынаҕа – 392, эдэр сүөһүтэ – 674, ол иһигэр 1 көлүүр оҕус.",neutral,kyym
20 %-на дьиҥнээх тапталы күүтэрин билиммит.,positive,kyym
"Чөл олох киэҥник тарҕаныытын, дьон-сэргэ өйүгэр-санаатыгар олохсуйуутун хатылаабакка, оҕолорбутугар, ыччаппытыгар туох суолталааҕар тохтоон ааһыахпын баҕарабын.",neutral,kyym
"Онно, дьэ, “группа риска” ыарыылаахтары булаллар.",negative,kyym
"Кыы­һым сытар хоһун хайысхатынан көрө-көрө, курдьугунаа да курдьугунаа буолла.",positive,kyym
"Онон билигин улаатаммыт, сылгыбыт-сүөһүбүт элбээн, сыл устата 25–30 туонна ынах этин, 10–12 туонна убаһа этин “Анаабыр алмаастарыгар” туттарабыт.",positive,kyym
"Ол курдук, улахан куораттарга дьахтар эрэллээх буолуутугар соччо наадыйбаттар эбит (18% эрэ сыаналыыбын диэбит), оҕону таптыахтаах диэн эмиэ эппэтэхтэр (17 %), ха­һаайыстабанньаҥын (12 %) да, буортулаах дьаллыктаа­ҕын-суоҕун да (12 %) сыаналаабат буолбуттар.",negative,kyym
"Кинилэргэ бүтүн кэлэктиибинэн ыалдьарбыт, долгуйарбыт чуолкай.",positive,kyym
Оччолорго бырамыысыланнас диэн биһигиттэн букатын ыраах эйгэ курдук буолара.,neutral,kyym
"Ыраах Греция арыытыгар, муора биэрэгэр оҕолорун кытта оһуокайдаан эйээрбитин, саха тойугунан грек омуктары сөхтөрбүтүн ансаамбыл оҕолоро бары да киэн тутта истибиттэрэ.",positive,kyym
"Ити өттүгэр этэр буоллахха, Ил Дархаммыт Айсен Сергеевич ыҥыырыытыгар: “Үтүө хамсааһыҥҥа көрүллүбүт олохтоох харчы нэһилиэккэ дьон-сэргэ эбии дохуоттанарыгар хаалыахтаах”, – диэн турар.",positive,kyym
Айар үлэбин 2018 сылтан убайым Новиков Петр Иннокентьевич-Дьүкээбил сүбэтинэн  саҕалаабытым.,positive,kyym
"Ити “Платформа” диэн айар бөлөххө түмсүбүт симиэнэ выпускниктара Бороҕон улууһун кулубата Алексей Аржаков (Сэһэн Ардьакыап) туһунан историческай киинэ-дырааманы устубуттара. Бу – киһи төһө саастааҕыттан иҥнибэккэ, кимиэхэ баҕарар, чахчы, наадалааҕын туоһута”, – диир Сергей Захлинюк.",positive,kyym
а сыаната үрдүү турара тохтообот.,negative,kyym
"Ол туһугар МКД-лар кэлэктиибинэй (бүтүн дьиэни ааҕар-учуоттуур, салгыы – ОДПУ), ону тэҥэ кыбартыыра иһигэр ресурсалары учуоттуур тэрилинэн (салгыы – ИПУ) хааччыллыбыт буолуохтаахтар.",neutral,kyym
Ордук улахан куораттарга оннук сыһыан баһыйар.,neutral,kyym
Эбэтэр тапталлара сойо охсубута дуу?,negative,kyym
"СанПинынан ону “киитэрэйдээн”, биир оҕоҕо хас эрэ квадратнай миэтэрэ тиийэр диэн хаттаан көрөн, уларытан аахпыттара.",negative,kyym
"Кыыстара Лия Дмитриева, Санкт-Петербурдааҕы физкультурнай академияны бүтэрэн, ХИФУ физкультура уонна спорт институтун преподавателэ, иккис кыыс Юлия Дмитриева, Илин Сибиирдээҕи культура институтун бүтэрэн, Бүлүүгэ үҥкүү студиятын салайааччытынан ситиһиилээхтик үлэлии сылдьаллар.",positive,kyym
"Ол онтон оҕолор, төрөппүттэр эрэ буолбакка, Бүлүү барыта киэн туттубута, уруйдаабыта-айхаллаабыта.",positive,kyym
"Сүрүнэ – биһиги бу балаһыанньаҕа тугу гыныахтаахпытый, хайдах дьаһанаыахтаахпытый диэн үчүгэйдик толкуйдаан сыыйа киирэн иһиэхпит.",neutral,kyym
Оттон архыыптаммыт блок туһунан информация кыра-кыралаан криптовалютанан дьарыктанар аан дойду дьонун көмпүүтэрдэригэр барыларыгар хараллар.,neutral,kyym
"Онон, крипто-харчы киһи атыылаһаат да, байар суола буолбатах.",negative,kyym
"Итини таһынан, крипто-үп актыып, баай-дуол буоларынан, киһи бэйэтэ нолуок уорганнарыгар декларация оҥорон туттарыахтаах уонна барыһыттан 13% нолуок төлүөхтээх.",neutral,kyym
"Дьон ырыаны хайдах толороллорун көрөбүн, сүбэ-ама биэрэбин.",neutral,kyym
Төһө элбэх сайабылыанньа киирдэ?,neutral,kyym
"Бириэмэ аастаҕын аайы киһи  барыта доҕор-атас, билбит-көрбүт буолар, дьиҥ кырдьыгы көрдөрүүгэ токурутуу тахсар.",positive,kyym
"Онон быйыл кыттыбыппыттан олус үөрдүм, төһөтүн да иһин эһиил оскуоланы бүтэрээри сырыттаҕым.",positive,kyym
Баба-яга” кыһыҥҥы уонна сайыҥҥы диэн көтөр бириэмэлээх.,neutral,kyym
Ас-үөл да элбиэ этэ.,positive,kyym
Инвест-бырагыраамаҕа сыһыардахха олох уустук.,negative,kyym
"Биһиги нэһилиэк ону бу 15 кэнники сылга дакаастаатыбыт диэхпин сөп, арбаныы курдук ылынымаҥ.",negative,kyym
Онон мас-от тиэйэр уолаттар эрэйдэнэллэр.,negative,kyym
Онтон күһүн “балаҕан ыйын 6 күнүгэр Москубаҕа М.,neutral,kyym
"Ол гынан баран, иккиэн дизайнынан дьарыктанабыт.",neutral,kyym
"П. Ефимов Омооччута тапталлааҕар бэйэтин да толук уурарга бэлэм, кини Ньургустаанатыгар этэр-тыынар: ""Миигин ыл, бу эйигин кууһан сытар сүрэхтиин баарбын эн баҕаҥ туолуутугар.",positive,kyym
"Ансаамбыл коллектива улаатан, сылдьар ыыра кэҥээн, толорор маастарыстыбата үрдээн барбыта.",positive,kyym
"Галина кини католик аата, тоҕо православнай кириэһи ылбытын ыйыппыта.",neutral,kyym
диэн санааттан Таатта лиссиэйин 4-с кылааһын туйгун үөрэнээччитэ Валерия Румянцевалыын ирэ-хоро кэпсэттим.,positive,kyym
"Бу эбэ урут син собо, сордоҥ, күстэх киирэн тахсар сирэ этэ.",positive,kyym
"Олору сырсыы ухханыгар сылдьан баран, 40-с саастарыгар үктэнэн баран өйдөөбүттэрэ, кинилэри сүҥ­кэннээх кыһалҕа булбут: олох аргыһа буолуохтааҕы көрдүүргэ бириэмэлэрэ тиийбэт, эбэтэр анараа, эт-хаан өттүнэн ыкса сыһыаннаах партнердара оҕо диэтэххэ, ойон туран куотар балаһыанньалаах, оҕону ыйааһын, чэҥкээйи эрэ быһыытынан көрөрүн өйдүүллэр.",negative,kyym
"дьиэтин, ол аата 20–30 дэриэбинэни, холкутук гаастыахха сөп” диэн суруйбут.",positive,kyym
"Наталья Сергеева-Аана Кыыhа, Чурапчы литэрэтииринэй түмсүүтүн чилиэнэ, СӨ Үөрэҕириитин туйгуна.",positive,kyym
"Өссө биир анала – кыһыҥҥы хаһылыкка, хаары алдьатан сири тоҥорор.",neutral,kyym
М. Белоноговы былыргы үгэһинэн хоолдьуга атын бэйэтин кытта иинигэр көмпүттэр диэн сураҕы соторутааҕыта кэпсээн соһуппута.,negative,kyym
Атыны албынныыр кыаҕа суох.,negative,kyym
"СӨ мас сыаната 2020 сылтан – хамсыгынан, онтон анал байыаннай дьайыынан сибээстээн, үрдүү илик.",negative,kyym
"Хайыахпыный, дьону таһырдьа бырахпат буоллаҕым дии.",negative,kyym
"Онон эйэ дэмнээхтик тарҕаһабыт”, – диэбит.",positive,kyym
"Итини толкуйдаабытым ыраатта да, менталитеппыт атын дуу, чиэһинэйбит дуу – кыаллыбат.",negative,kyym
Үтүө салайааччыны дьоно-сэргэтэ умнубат – Уустук диэххэ сөп.,negative,kyym
"Роман Михайлович Коркин, Преображенскай, Барба курдук улуу тириэньэрдэргэ хатарыллан тахсан баран, маҥнайгы тириэньэрин инники күөҥҥэ тута сылдьыбыта.",positive,kyym
"Чэ, тириэньэр өйдөнөр, оттон “үрүҥ дьиэҕэ” тоҕо бараҕын?",neutral,kyym
Аһылыгын 80%-на – талах уонна араас сэппэрээк.,neutral,kyym
"Табылыннаҕына, күһүн Бииктэр аны миэхэ кэлэн ыалдьыттыахтаах.",neutral,kyym
"АЛРОСА хампаанньа үчүгэй үөрэхтээх, ситиһиилэрдээх устудьуоннардыын кинилэргэ истипиэндьийэни аныыр туһунан дуогабардары эмиэ түһэрсэр.",positive,kyym
"Бүгүн биһиги криптовалютанан 2018 с. анаан дьарыктанар эспиэр, дьону-сэргэни үөрэтэр уонна сырдатар Антон Ивановтуун кэпсэтэбит.",neutral,kyym
Ол кэнниттэн билигин болдьоҕун икки төгүл уһаппыттарыгар хаттаан этиилэрбитин киллэрэн олоробут.,neutral,kyym
"Холобура, ипэтиэкэ, кыбартыыра төлөбүрүн хойутаппакка төлүүбүт дии, ол курдук буолуохтаах.",neutral,kyym
Миэхэ эр дьон сынньана кэлэллэр.,neutral,kyym
Биһиги даҕаны “эн эмиэ кэлээр” диэн арахсыбыппыт.,neutral,kyym
Мин кинилэргэ олус махтанабын.,positive,kyym
"Тус бэйэм төрөөбүт дойдубар үлэлиир буоламмыт, сиргэ-уокка ытыктабыллаахтык, харыстабыллаахтык сыһыаннаһабын, олус таптыыбын.",positive,kyym
Икки көстөөх сиртэн от тиэйии өҥөтө – 4–5 тыһ.,neutral,kyym
"Арай тэрилтэ сабыллан хааллын, төһөлөөх киһи үлэтэ суох хаалыай?",negative,kyym
"Биир саба тутуунан кинилэри барыларын саптаххына эрэ биткоин “сууллан” түһэр, сабыллар кыахтаах.",neutral,kyym
"Ол быыһыгар оҕо ытыыр, ыһыллаҕас дьиэ.",negative,kyym
Уон күн иһигэр – идиэйэттэн премьераҕа диэри – өрөспүүбүлүкэ араас улууһуттан 68 үөрэнээччи киинэ ускуустубатын умсулҕаннаах эйгэтигэр кытынна.,positive,kyym
"ынах барыта төрөөбүт, 1 ньирэй зоотехническай нуорма муҥутуурунан эмэн, 300 л үүтү испит диэтэххэ, 22,5 тыһ.",neutral,kyym
Биһиги хаһаайыстыба киин улуустары кытта тэҥнэһэр кыахпыт суох.,negative,kyym
Оччоҕуна нолуога барыстан быһаччы тутуллар булгуччулаах буолуон сөп.,neutral,kyym
Ону хочуолбун отторго туттабын.,neutral,kyym
"диэн сибиги­нэһэллэрин истэн, ыар баттык санааҕа ылларан утуйбутум.",negative,kyym
"150-ча массыына, 100-кэ трактор баар.",neutral,kyym
"Нэһилиэктэргэ аныгы көстүүлээх кулууптар, успуорт саалалара, саҥа оскуолалар тутуллан син сайдыы хаамыытынан тэҥҥэ барсан иһэбит.",positive,kyym
"Хайатыҥы үрдэл сир (ону яр дииллэр быһыылаах) икки ардынааҕы хойуу талахтаах-мастаах аппаҕа үс киһини (ол иһигэр миигин) хаалларан баран, Павел Семенович биир уолу кытта ыттарын батыһыннаран үүрэ барда.",neutral,kyym
"Оннук гымматтар, онон чааһынайтан 10 солк.",neutral,kyym
"Холобур, сибиинньэ аһын (горуох) ыһан аһатаҕын.",neutral,kyym
Ол быыһыгар дьиэ кэргэн өйдөбүлэ эмиэ биллибэтинэн суураллан иһэр.,negative,kyym
"Ки­һим чочумча саҥата суох туран баран: “Дьиҥэр, барыта үчүгэй баҕайы, бэйэҥ олус кыра­сыабай эбиккин эрээри, мин эйигин кытта таптаһыахпын баҕарбаппын.",negative,kyym
Быйыл үс суорт хортуоппуйу олордубуппут.,neutral,kyym
"биткоин барыта биирдэ буолбакка, өлүүлээн тахсар.",neutral,kyym
СонуннарОлох-дьаһахХолкуостар “мини-роддомнара” Ааспыт үйэ 30-с сылларыгар Сэбиэскэй Сойууска оҕо төрөөһүнүн үрдэтэргэ араас миэрэни ылаллара.,neutral,kyym
"Биэрдэхтэринэ даҕаны, кинилэр сайаапкаларын хаачыстыбата быстар мөлтөх, ситэтэ суох буолар.",negative,kyym
Ол судаарыстыбаларга биткоин дойду валютатын сэргэ туттуллар кыахтаах.,neutral,kyym
"Өрөбүлгэ дьиэ-уот сууйан, эдьиийин кыра уолун оҕолоон, били кумааҕытын туһунан олоччу умнубута.",neutral,kyym
Дохуота элбэх буоларыгар хас биирдии киһи дьулуһуохтаах.,positive,kyym
Мин эдьиийбин кытта дьиэ кэргэммитигэр геология идэтин талбыт бастакы хараҥаччылар буолабыт.,positive,kyym
"Кэнники ыйдарга турниктарга, ол иннинэ    скалодромҥа дьарыктаммытым.",neutral,kyym
Оннук үйэҕэ дьахтар уонна эр киһи сы­һыан­на­һыылара добуочча атын көрүҥнэнэр.,neutral,kyym
Сылы-сыллаан ол дьон туһугар үлэлииргэ күһэллэллэр.,negative,kyym
"Оҕо сырыттахпына кини уоппускатыгар дьиэтигэр кэллэҕинэ, үлэтин туһунан биһиэхэ мэлдьи кэпсиирэ.",neutral,kyym
"Билигин, сааһырбыт киһиэхэ бу аатым барсара дуу, суоҕа дуу диэн арыт толкуйдаан ылабын.",neutral,kyym
"Бэйэҥ ырыаҕын ыллаатаххына, ааккын-суолгун бигэтик оҥостуохха сөп.",positive,kyym
"Салгыы устаап быһыытынан сийиэс хайдах ыҥырыллыахтааҕын, ону иилиир-саҕалыыр хамыыһыйа тоҕо тэриллиэхтээҕин быһаарбытын саалаҕа олорооччулар ыараханнык ылыннылар.",negative,kyym
Онно бэрт аҕыйах киһи киирэр көҥүллээх.,neutral,kyym
"Дьэ, оччоҕуна эрэ оҕо уоскуйан, уруокка интэриэһин ууран, 15 мүнүүтэ үөрэниэн сөп.",positive,kyym
Константин оҕо эрдэҕиттэн биир умсугуйар дьарыктааҕа – массыына уонна тиэхиньикэ.,neutral,kyym
"маастар былаанынан сөп буолар социальнай эбийиэктэр тутуллуохтара дииллэр да, 2032 сылга диэри сүрүннээн олорор дьиэ тутуутугар ити харчы кутуллуо диэн дьиксинэбин.",negative,kyym
"Кириитикэһиттэр аһаҕастык эппэтэллэр да, Ил Дарханы “кирэ”, “эриэйтинин” түһэрэ сатыыллара көстөр.",negative,kyym
"Кини аахта “Таҥара баар дуу, суох дуу?",neutral,kyym
Эмиэ биир сиргэ эргийбитинэн-кулахачыйбытынан бардылар.,neutral,kyym
Таҥара киһини оҥорботоҕо – киһи таҥараны оҥорбута.,neutral,kyym
диэн кэпсиир Евдокия Бандерова.,neutral,kyym
Кыыстарын сыанатыгар улахан суолта уураллара.,positive,kyym
"Биллэн турар, бэлэм харда, хоруй суох, тоҕо диэтэххэ, соцреализм бэрэстэбиитэлэ буолбатахтар.",neutral,kyym
"2014 сылтан ""Хоһоон хонуута"" диэн өрөспүүбүлүкэтээҕи айар куттаахтар мустар түөлбэлэрин, түмсүүлэрин тэрийэн кэллим.",neutral,kyym
"Билиҥҥэ диэри отчуоту, докумуону билбэппит.",neutral,kyym
"Ону сокуон сыыһа оҥоһуллан, “арыандаласпыт дьон эрэ барыһыраллар, уопсай хааһынаҕа харчы аанньа киирбэт” диэн сопхуостар тохтотон кэбиспиттэрэ.",negative,kyym
Бэйэм АГАТУ-га технолог идэтигэр кэтэхтэн 1-кы кууруһу бүтэрдим.,neutral,kyym
СонуннарОлох-дьаһахТыа хаһаайыстыбата тоҕо өнүйбэтий?,neutral,kyym
"Кини онтон  хараастарын, хомойорун кэпсиириттэн истэҕин.",negative,kyym
"Билигин криптовалюта оҥорон Иркутскай, Красноярскай, Хакасия биирдиилээн ыаллара туох да сүрдээхтик байан бардылар.",positive,kyym
"Ол таҥара буолбут дьон мэтриэттэрэ бу саҥардыы биллибитэ, ити этиллибит таҥара буолбут дьон ону илдьэ да сылдьаачылара Боотуруускай улууһун Сүпсүк нэһилиэгин дьонноро дьүһүннэрин ойуулаан биэрбит киһи.",neutral,kyym
35 сыл таһаарыылаах үлэбин уһуйаан кырачааннарыгар анаабытым.,positive,kyym
"Мин Нина Николаевнаны кытта араас испэктээккэ, араас сыанаҕа бииргэ ыллаабытым.",neutral,kyym
Кэпэрэтиипкит быйыл 10 сыллаах үбүлүөйэ.,neutral,kyym
"Нууччалыы эттэххэ, “где логика?",neutral,kyym
"Дьиҥэ, элбэх ырыаны айбыппын.",neutral,kyym
Марафоҥҥа барыта 19 727 сүүрүүк кытынна.,neutral,kyym
Ол да буоллар син биир харчыбыт тиийбэтэ.,negative,kyym
Кыралаан уһулуу – көрүллүбэт.,neutral,kyym
"Кылгас кэмҥэ сыал туруорунан, харчыбытын (дохуоппутун, ороскуоппутун) ааҕынабыт.",neutral,kyym
"Анаан лаппыйан санатабыт, “Кыым” кэнсиэрэ – барыһы биэрэр кэмиэрчэскэй бырайыак буолбатах.",neutral,kyym
Манна Арассыыйа хас да регионуттан араас тиэхиньикэнэн оҥоһуллубут 150 үлэ кэлэн турда.,neutral,kyym
"Нэһилиэктэр кыһалҕаларын барытын үөһэттэн хайдах да учуоттаабаккын, кыаллыбат.",negative,kyym
"Биһиги хаһаайыстыбаҕа 1283 сүөһүлээхпит, онтон ыанара – 413.",neutral,kyym
"Оҥорон таһаарыы бары хаамыыта чопчу тэрээһиннээх, оттон үлэһит ис иһиттэн бэрээдэктээх, сүрэхтээх буолуохтаах.",positive,kyym
"Дьон эмиэ көхтөөхтүк кытынна, актыбыыстар нэһилиэктэртэн барытыттан икки мөлүйүөн солкуобайы хомуйдулар.",positive,kyym
Адьас соторутааҕыта сиэртибэлэммит сибиэһэй уҥуохтар кытта бааллара.,neutral,kyym
Ону сэргэ биллэр-көстөр биир дойдулаахтарбыт эмиэ харчынан көмөлөспүттэрэ.,positive,kyym
Куоракка олорор дьон ити маастар былаанынан тутуллар дьиэлэри олохтоохтор атыылаһыахтара дии саныыллар.,neutral,kyym
"Ол түмүгэр үгүс эрэгийиэннэргэ, Арассыыйаҕа даҕаны оскуолалар, балыыһалар сабыллан нэһилиэктэр эстибиттэрэ.",negative,kyym
Н. Попов дириэктэрдээх Намнааҕы гимназия учууталлара гимназияларын таһыгар 15х24 миэтэрэлээх ааркалыы успуорт саалата туппуттара.,neutral,kyym
"Сатаатар, бу сиргэ илиим суола хааллын диэн буолаахтаатаҕа.",neutral,kyym
"Харчы ааҕылларын, суоттанарын сөбүлүүр.",neutral,kyym
Зоя Егоровна Аржакова ыытар өрөспүүбүлүкэ иһинэн онлайн-хоһоон күрэҕэр араас таһымнаах кыайыыларым суруйарбар-айарбар санаа көтөҕөн суоллууллар.,positive,kyym
"Урут саха киһитэ алааска бэйэтин эрэ толкуйунан астанан, дьаһанан олорбут буоллаҕына, ССРС кэмигэр үөһэттэн ыйыы, көмө сопхуостарынан бэриллэн, дьон үчүгэйдик олорбуттара.",positive,kyym
"Ону ситиһии булуллубутунан алмааһы кырыылаан-наардаан, ураннаан-нарылаан, уон араас өҥүнэн күлүмнүүр бирилийээни оҥорон таһаарар кэриэтэ үгүс сыраттан, дьаныартан, үгүс үлэттэн тахсар.",neutral,kyym
"Олору чөлүгэр түһэрэргэ, хаттаан тутарга сүрдээх улахан үлэлэр ыытыллыбыттара.",positive,kyym
"Эргэрбитин атыылаан баран, соторутааҕыта атыыласпыта.",neutral,kyym
Үһүс уол Слава Нерюнгрига программист идэтигэр үөрэнэ сылдьар.,neutral,kyym
Маны тэҥэ уу ыраастаан кутабыт.,neutral,kyym
"Дьэ, маныаха кинини өссө кыратык хайҕаан “маладьыас” диэтэхтэринэ, бу оҕо аны 15 мүнүүтэтигэр кыһаллан үөрэнэр.",positive,kyym
Аҕыйах сылтан бэттэх Дьокуускайга КОИБ (комплекс обработки избирательных бюллетеней) диэн барытын бэйэтэ ааҕар-суоттуур тэриллэр баар буолбуттара.,neutral,kyym
"Сорох күн эмиэ имэрийэ, кууһа сатыыра.",neutral,kyym
1987 сыллаахха ырыа факультетын устудьуона Сергей Чигиревка кэргэн тахсыбыта.,neutral,kyym
"Ол иһин СТНГ, ЯТЭК гааһы оҥорууларын улаханнык кыччаттылар.",neutral,kyym
"Олорор усулуобуйабыт, олохпут-дьаһахпыт маннааҕар быдан мөлтөх бөҕө буоллаҕа.",negative,kyym
"Сорохтор бэйэлэрэ туспа суол арынан, улуустарынан, нэһилиэктэринэн, куоратынан түмсүүлэргэ тарҕанан, үлэлии, айа-тута сылдьаллар.",positive,kyym
Ол эрээри биир түүн биэстэн элбэх сакааһы ылбаппын.,neutral,kyym
"Холобур, урукку үтүө дьылларга “Саныаҕыҥ, доҕоттор, ааспыты” тэрээһиҥҥэ кэлбит дьон үчүгэй кэнсиэри көрөллөрүн таһынан,  кэнсиэр билиэтин саҕа сыаналаах ботуччу суумалаах бэлэҕи тутан тарҕаһаллара.",positive,kyym
Сыл бүтэһигэр “эмискэ хантан кэлэн хаалбыт тэрилтэний?,neutral,kyym
Киниэхэ 145 чилиэннээх сойуустан 81 киһи кэлбититтэн 45 чилиэн куоластаабыт.,neutral,kyym
"Аны дьон үгүстэрэ киһи ыарыйдын да биэксэр (биэлсэр) ылбыттар үһү диэн кэпсииллэр, уонна биэксэргэ кэлээччи-барааччы кэмэтэ суох.",neutral,kyym
Оттон ааспыт ыйга АХШ-ка криптовалютаҕа улахан мунньах буолбутугар Трамп өйүүбүн диэтэ.,neutral,kyym
"Ааспыт сайын бэркэ диэн мунньан-тараан 5 оту (1,5х5=7,5 т) туруордубут.",neutral,kyym
"Дьаһалта дьиэтин  утары  Бороҕон саамай улахан уулуссатын  кэккэлэһиннэрэ  миэстэ таһааран, онно тутар буоллубут.",neutral,kyym
"Ээ, дьэ эрэ, олоҥхоҕор кимнээх оруолларын толороҕун?",neutral,kyym
"Миигин ыллата-ыллата тута синтезаторыгар ууран, наһаа үчүгэй фонограммалары оҥорон биэрбитэ.",positive,kyym
"Ким эрэ көссүү булунар, ким эрэ “айака” диэн баран, үлүбээй арахсан барара, – диир Эмиэрикэ дьахтара, – мин да ол оннугу көрө-билэ сылдьан, тапталлара диэҥҥэ ончу итэ­ҕэйбэт буолан барбытым.",negative,kyym
"Эр киһи кырасыабай, мэлдьи бэйэтин көрүнэр, кини тылын, кэпсээ­нин болҕомтолоохтук истэр, кини туһугар долгуйар, санааргыыр, аһынар-харыһыйар дьахтарга наадыйар.",positive,kyym
"Биһиги утары уунарбыт суох буолан, бүтэр уһугар хотторон  тахсыбыппыт.",negative,kyym
"Барбытым кэннэ салҕаабыттара да, кэнники сылларга мөлтүү  быһыытыйбыта.",negative,kyym
"Аллеябытын туппуппут, дьоруойдар боруонса бүүстэрин маннааҕы скульптордарга оҥорторбуппут.",positive,kyym
"Күһүн хойут, сороҕор алтынньы саҥатыгар, күп-күөҕүнэн тоҥмутун быһан ынахха битэмиин курдук биэрэбит.",neutral,kyym
"Заболоцкай-Чысхаан «Мааппа» диэн номоххо олоҕурбут сэһэнин, эбэтэр урут уһуллубут кылгас киинэ салгыыта да диэн ылымматым.",negative,kyym
"Атаардахпына, букатын барбыккыт курдук санаа киирэр.",negative,kyym
"Мэниктиир, баппат, уруогу ыһар, оҕолору тыытар, улахан дьон тылын истибэт буолууну оҕо бэйэтин баҕатынан дии саныыллар.",negative,kyym
Билигин “Үрүччэ” ансаамбыл куорат 3 №-дээх орто оскуолатыгар хореограф Туяра Петровна Колесова салалтатынан салгыы үлэлиир.,neutral,kyym
"2023 с[DOT] – Госдума сокуону ылын-наҕына, нэһилиэккэ дьокутааттар уонна баһылыктар суох буолуохтаахтар.",neutral,kyym
"Хайа да сири-дойдуну, түбэни аатын ааттатар, суон сурахтыыр үлэһит дьон баар буолаллар.",positive,kyym
"Оттон билигин ылан көрүөххэ: киинэ тыйаатырдара тобус-толорулар, өссө сахалыы киинэ арҕаа киинэлэртэн хаалсыбат хомууру оҥорор!",positive,kyym
Кэнники оҕолору барыларын эдьиийдэрэ Вера үөрэппитэ.,neutral,kyym
"Кэлин биһиги ыал төһө даҕаны Дьокуускайга көһөн кэллэрбит, мин манна оскуоланы бүтэрдэрбин, төрөөбүт бөһүөлэгим, сирим-дойдум курдаттыы тардар курдуга.",positive,kyym
Ити тухары төһөлөөх элбэх быһаҕы көрбүтэ буолуой?,neutral,kyym
Төрүт даҕаны ол бу “сибэтии” дии-дии ханнык эмэ дьону албыннааччы аҕабыыт аймаҕы суруйаллара ол сымыйа буолуохтаах.,negative,kyym
Бырамыысыланнас киэнэ өссө үрдүк буолуохтаах.,neutral,kyym
"Бу курдук үрдүк таһымнаах, элбэх киһи интэриэһин таарыйар бырайыактар биир-икки эрэ киһи толкуйдаабытынан, ыра-баҕа санаатынан олоххо киирэр буолбатахтар.",neutral,kyym
"Ол иһин арҕаа дойдулар ити кэмҥэ араас «бырабыыталыстыбаннайа суох» тэрилтэлэр, пуондалар нөҥүө күүстээх үлэни ыыппыттара.",neutral,kyym
АЛРОСА – бииргэ үлэлэһэр тутаах доҕорбут.,positive,kyym
"Аргыый аҕай эбэм хоһун диэки көрбүппэр, били, туох эрэ маҥан эмиэ хамсыыр.",neutral,kyym
"Эбэн эттэххэ, аны сотору кэминэн уулусса иккис аҥаара ити курдук тупсарыллыахтаах.",positive,kyym
Кыһалҕа кыһыл кымньыылаах дииллэрэ чахчы.,neutral,kyym
"Ол эрэн ким эрэ аҥардастыы таптыыр, таптатар, ким эрэ туһанар, ким эрэ сорук-боллур буолар, ким эрэ олуйсан, онно сөрүөстэн олорор.",negative,kyym
"Уопсайынан, ахсаанын хонтуруоллуохха наада дэһэллэр.",neutral,kyym
"Билигин Данилова Зоя Никандровна-Кэкэрдэ салайааччылаах элбэх тэрээһиннэргэ, кинигэ биһирэмнэригэр кыттан, үлэбит тэтиминэн баран иһэр.",positive,kyym
"СонуннарОлох-дьаһахАЛРОСА көмөтүнэн Ленскэй киин уулуссата уларыйда – Эн сиргэммэккин, баалыы да санаабаккын дуо?",negative,kyym
Аҕата Николай Петрович Новиков-Халаа Ньукулай ийэбинэн аймахпыт.,neutral,kyym
"Мантан антах элбэх кыбартыыралаах дьиэлэргэ баар уопсастыбаннай аһылык туочукаларыгар итирдэр утах атыыланар бириэмэтин, ону таһынан эрэстэрээннэргэ, бардарга, кафеларга, буфеттарга пиибэ, сидр уонна атын итирдэр утах атыыланар ирдэбилин эрэгийиэн бэйэтэ олохтуур-хааччахтыыр кыахтанар.",neutral,kyym
Кутанаҕа кутурҕан күнэ биллэриллибитэ.,negative,kyym
Түргэн үлүгэрдик сурунаал тула айар-тутар дьон муста охсубута.,positive,kyym
"Үгүс уонунан сыллар анараа өттүлэригэр курдук, билигин да геолог идэтигэр арамаантыктар кэлэллэр.",positive,kyym
"Быйыл мас тардыһыытыгар эр дьон, дьахталлар уонна бэрээтээннэр Дьобуруопатааҕы чөмпүйэнээттэрэ, ону тэҥэ 18-гар диэри саастаах ыччат дьон биирдиилээн бастыыр иһин күрэхтэрэ ахсынньы 12 – 16 күннэригэр Грузия Цхалтубо куоратыгар ыытыллыахтааҕа.",neutral,kyym
"7 (914) 820-09-75 – Быйыл мин “КиноМАНиЯ” үөрэх тиһигэр кыттыбытым, онно бастыҥ туруорааччы-худуоһунньук буолбутум.",positive,kyym
Биһиги ыал Эмискэ мин сэттис кылааска киирэр сылбар көһөн кэлбитэ.,neutral,kyym
"Холобур, Степан Контоев уолаттарын: Сашаны, Германы биэс саастарыттан оскуоланы бүтэриэхтэригэр диэри бэйэтэ эрчийбитэ.",neutral,kyym
"Чэ, быһата, ити курдук хас да сыл ылбат-биэрбэт олоҕу олорон, эрбиттэн арахсан баран, биир дьүө­гэм кучуйан, үс сыллааҕыта Дьокуускайга кэлбитим.",neutral,kyym
"Дьоммут-сэргэбит араас граннары, субсидиялары туһаналларыгар дьаһалта кэмигэр өйөбүлэ, көмөтө улахан суолталаах.",positive,kyym
"Алексей Евстратов кэпсээбитинэн, ХБК-ларга, батарар комплекска уонна да хампаанньа бары хааччыйар салаа тэрилтэлэригэр анаан, исписэлиистэри сыллата бэлэмнииллэр.",neutral,kyym
"Дьэ, доҕоор, өйдөөн көрбүтэ кинилэри кып-кыһыл харахтаах ньирэй одуулаан турар эбит.",neutral,kyym
"Бэл, икки хас сыллааҕыттан үүт соҕотуопкатын туһунан сыыппара тахсыбат буолла.",neutral,kyym
Арай ити 57 гааттан 60%-на туһаҕа таҕыстын уонна ити сири тупсарар дьаһаллар түмүктэринэн сыл ахсын биир гааттан 2 т итэҕэһэ суох өлгөм үүнүүнү биэрдин?,neutral,kyym
"Кистии-саба көрдөр даҕаны онтуката биллэн хаалан, кыбыстар аатыгар барар.",negative,kyym
"Эрдэрэ тус интэриэстэрин, иэйиилэрин инники күөҥҥэ туппаттара балай эмэ эридьиэстэннэ.",negative,kyym
"Кэнсиэр барыта биир күдьүс ырыанан-тойугунан эрэ “күрдьэн” барбакка, быыһыгар үҥкүүлээх-битиилээх ааста.",neutral,kyym
"Дьонум массыынаҕа киирэн баран, тута салаһан, убахтаһан, сыллаһан-уураһан бардылар.",neutral,kyym
Сүрүн аһылыга – соҕоон.,neutral,kyym
"Билигин чопчу быһаарыстахпытына, кэлэр сылларга ньыматын уларытыахха да сөп.",neutral,kyym
"Бастыҥ монтажер – Жегусов Айтал, “Spectrum Light” хамаанда (кейсэ – “Peek-a-boo” буокса кулууба); Дьэ, хотулар олохпут уонна өрөспүүбүлүкэ киин улуустарын тэтимин икки арда маннык улахан араастаах.",neutral,kyym
"Александр ПАВЛОВ: “20-тэн тахса сыл үлэлиирим тухары үлэһиттэргэ диэн ааттаан, 60-тан тахса дьиэни туттардыбыт.",positive,kyym
Бырайыактарбытынан барытынан да киэн туттабыт.,positive,kyym
"Эбэлээх, эһэм оттууллара-мастыыллара, хаһаайыстыбаларын бэрийэллэрэ.",neutral,kyym
"Реворий Чемчоев-Чөмчөө Уус оҥорбут хомуһа куосумаска тахсыбытын истэн, хайдах онно “тиийэн хаалбытын” токкоолостулар, дьиктиргээтилэр даҕаны.",neutral,kyym
"Тулалыыр дьонун, атын оҕолору кытта тэҥҥэ үүнэр-сайдар, үөрэҕи ылар кыахтанар.",positive,kyym
Ол туһунан бүгүн чинчийэн үлэлии сылдьар педагог-психолог Туйаара ЛЕПЧИКОВАны кытта сэһэргэһэбит.,neutral,kyym
"СонуннарБэлиитикэАлександр Жирков Башкортостаҥҥа, Госдумаҕа уонна Ямал-Ненец уокуругар сырыыта – Ол иһин саҥа дьону сыымайдаан көрсөбүн.",neutral,kyym
Тимофей Тимофеевич уһулуччулаах сырдык санаалаах үтүө киһи.,positive,kyym
"Тутуу матырыйаалын булуу-талыы күнтэн күн ыарыыр, тиэхиньикэ кыайан саҥардыллыбат.",negative,kyym
"Көмүс ытарҕатын эйэҥэлэтэн, суумкатыттан көмүс бөҕөхтөөх швейцарскай чаһытын иилинэр.",neutral,kyym
"ТХМ тэриллиилээх хаһаайыстыбалары билэ, көрө, харайа олорор тэрилтэ.",neutral,kyym
"Биир мас сыаната кээмэйиттэн, боруодатыттан уонна төһө ыраах сиргэ кэрдэллэриттэн тутулуктаах.",neutral,kyym
"Үүтүм сыатын балыйбата буоллар, син да буолуо этэ.",negative,kyym
Быйылгы тэрээһиҥҥэ кэлбит дьон ылбыт билиэттэрин сууматын (1 тыһ.,neutral,kyym
Бу сыллар тухары биһиги улууспутугар “Үтүө дьыала” хамсааһыныгар күүскэ үлэлэһэн кэлбиппит.,positive,kyym
"Үп-харчы туһунан билии уонна уурунуу – бу көннөрү сатабыл эрэ буолбакка, инники байылыат уонна туруктаах олоххо ааны арыйар тутаах үстүрүмүөн буолар.",positive,kyym
"11” хамаанда: Ярослав Иванов, Горнай улууһун Бэрдьигэстээҕин гимназията, Виктория Корякина Дьокуускай 31-с №-дээх оскуолата, Виолетта Ефремова, РЛИ, Кира Вензель, Дьокуускай 23-с №-дээх оскуолата (кейсэ – “COLD50” креатив ааҕыныстыбата).",neutral,kyym
"Үүнэри-сайдары өйүүллэр Ынах сүөһүбүт – 1067, ол иһиттэн 392 ыанар  ынах быйыл кыстыкка этэҥҥэ киирдилэр.",neutral,kyym
"Ким эрэ “ийэлээх” дуу, “аҕалаах” дуу притоҥ­ҥа олорон, сакааска сылдьан үлэ­лиир.",negative,kyym
Саввин төлөпүөнүн мастарыскыайга илдьибитигэр “өрөмүөн 26 тыһ.,neutral,kyym
л ыахтаахпыт” диирин кытта мөккүспүтүм уонна мөхпүтүм.,negative,kyym
Мунньар суумабын мин ороскуот курдук көрүөхтээхпин.,neutral,kyym
"Дорогая, дьон дьиҥ олоҕунан олороллор, кинигэнэн буолбатах.",neutral,kyym
Биһиэхэ сылга 21%-ҥа тиийэ дохуоттаах уурунуу табыгастаах усулуобуйатын талыаххытын сөп.,neutral,kyym
"2 дьиэ 8х10, биир дьиэ 9х12-лээх, ону 2 кыбартыыралаах гына оҥордубут.",neutral,kyym
"Аара маҕаһыыҥҥа сылдьан, Бииктэрин сөбүлүүр аһын бэлэмнии охсон, үөрдээри түбүгүрэрэ.",positive,kyym
Кыайыы 60 сылыгар тутан бүтэрбиппит.,neutral,kyym
Оттон дьахтар уонна эр киһи сыһыана онуоха биир “ингредиент” эрэ.,neutral,kyym
"Суоппар кэлэн баран, массыынаттан тахсыбакка төлөпүөнү сиргэ быраҕар.",negative,kyym
"Ол сыттахпына, убайым киирэн кэлбитэ.",neutral,kyym
"Этэҥҥэ эргиллэн кэлэрин күүтэбит,"" – диэн салгыы сэһэргиир ""Айар Кут"" регионнааҕы поэттарын уонна прозаиктарын сойууһун чилиэнэ, Үөһээ Бүлүү ""Чэчир"" хоһоонньуттарын чилиэнэ Тумусова Прасковья Алексеевна-Туску.",neutral,kyym
Дьахтар доруобуйатыгар кыра туох эмэ баар буолла да (оҕоҥ ыйааһына улахан эбэтэр кыра “отёктаах” буоллаххына) куоракка  Перинатальнай кииҥҥэ ыытан иһэллэр.,neutral,kyym
"Онон кини олохтоох бэйэни салайыныы сокуонун ис тутулун бастакыттан үөрэппит, оҥорсубут уонна оройуон баһылыгынан үлэлии олорон бу сокуон олоххо киириитигэр  чопчу үлэлэспит уопуттаах дьокутаат буоларын быһыытынан биһиги киниттэн дьоҥҥо быһааран биэрэригэр көрдөстүбүт.",positive,kyym
Инникитин кыах баарынан өссө тэнийиэххэ сөп.,positive,kyym
"Ол курдук, Омскай уобалаһыттан 50 туонна “Розара” хортуоппуй бастыҥ суордун, ону сэргэ Татарстан Казань куоратыттан эмиэ 50 туонна “Розара“ суорду аҕалбыппыт.",neutral,kyym
олунньуга ФАС салалтатын кытта көрсөн “ити ЯТЭК инбэстиисийэтин бырыһыаныгар туох киирэрин көрдөрдүн эбэтэр хампаанньа үлэтин бойкуоттуубут” диэн иккиттэн биирин талларбытыгар “ятэктар” дьэ биирдэ Саха сиригэр атыылыыр “гаастарыгар инбэстииссийэлээх бырыһыаннара” төһө буоларын арыйбыттар.,neutral,kyym
Манна төлөпүөнүнэн мэдиссиинэ үлэһиттэрэ нэһилиэнньэни ыҥыраллар.,neutral,kyym
"Дэриэбинэҕэ сөбүлэһэр киһи көстүбэккэ, 2003 с. Уһун Күөлгэ бастакы үүт переработкатын кэпэрэтиибин биэс сыл салайбыта.",neutral,kyym
"Ол көмөтүнэн “Маят” бириискэ бөһүөлэктэригэр түргэн интэриниэт киирдэ, уолаттар сонуну түргэнник тутар, ырыаны-тойугу истэр, электроннай өҥөнү туһанар кыахтаннылар.",positive,kyym
"Оҕо улааппытын эрэ кэннэ маннык “ыарыылааҕын” билбит эбэтэр сэрэйбит буоллаххытына, кими да буруйдаабакка, күүһү оҕону ылыныыга, өйүүргэ ыытыахтааххыт.",positive,kyym
"Эбээ, хайа, туохтан күллүҥ?",neutral,kyym
"Оттон дьоҥҥо табыгастаах эрэ, суох эрэ – ол кими да долгуппат.",negative,kyym
"Тоҕус “баба-яганы” суулларбыт хорсун саха уола Итини таһынан, геолог графическай матырыйааллары сыыппараҕа көһөрөр уонна сир аннынааҕы выработкалар геологическай докумуоннарын оҥорор үлэни эмиэ сүрүннүүр, геология усулуобуйатын дириҥник өйдүүргэ скважиналары ойуулуур (описание).",neutral,kyym
Кини идэтинэн  художник - мастер.,neutral,kyym
"Куонкурус кыайыылаахтарын быһаарар, бырайыактары билиһиннэрэр түмүк тэрээһин ахсынньы 8 күнүгэр буолла.",neutral,kyym
Оттон  массыына-көмпүүтэрдэр бэйэлэригэр үлэлии олороллор.,neutral,kyym
"Оччоҕо манна, Халымаҕа, олоро сатыырга кыах бэриллэн, дьон эниэргийэтэ сүтүө суох этэ буолбатах дуо?",neutral,kyym
Үс улахан историческай суолталаах.,neutral,kyym
Онтубут тэҥ тэҥинэн тахсыахтаах.,neutral,kyym
"Дьоммун кытары ол туһунан кэпсэтэ сатаатахпына, “сичи, эбэҥ кырдьыбыт, ол иһин ардыгар инник буолар” эрэ дииллэрэ.",neutral,kyym
Нина миигиттэн биир сыл аҕа этэ.,neutral,kyym
"Мин доҕордуу сыһыаннаах, эйэлээх кэлэктиипкэ киирэммин, табыллан сылдьабын.",positive,kyym
"Маныырга ханан, хайдах киирэн олорон “баба-яганы” табыахха сөбүн былаанныыбыт.",neutral,kyym
тан тайҕаҕа көһөн олоробут.,neutral,kyym
"Уулусса уота тыгар кэмигэр, сиэркилэнэн көрбүтүм, кыыс ньылбы сыгынньахтаммыт этэ.",neutral,kyym
"Оттон даача, саад, оҕуруот сиригэр баар дьиэни уонна атын кыра тутуулары отторго сылын аайы 15 кууп маһы кэрдиэххэ сөп.",neutral,kyym
"Үлэтэ ыарахан эрээри, хамнаһа онно эппиэттиир – үрдүк.",neutral,kyym
"Бэйэм өйбүнэн, толкуйбунан, бу илиибинэн харчы оҥостуохпун баҕарабын.",positive,kyym
"Биллэн турар, оччотооҕу ыалга үлэҕэ-хамнаска көмөлөһөөччүлэрэ оҕолоро буолаллара.",neutral,kyym
Быйыл Кузбаска икки быһылаан бэлиэтэммит: дьиэтээҕи ыттар алталаах уонна түөртээх кыргыттары өлөрбүттэр.,negative,kyym
Мин Нина Николаевнаны кытта 1990-с сс.,neutral,kyym
"Бииктэр биһигини “кэлин дьиэҕитигэр тиийдэххитинэ, миэхэ кэлэн ыалдьыттаарыҥ” диэн ыҥырбыта.",neutral,kyym
"Билигин, ханна да буоларын курдук, Ленскэй ыччаттара чөл олоҕу өрө туталлар, физкультуранан, успуордунан утумнаахтык дьарыктаналлар.",positive,kyym
"Чысхаан айымньытыгар Мааппа уонна Ылдьаа көҥүл тыыннаах истиҥ тапталга куустаран биэс уон сылга тэҥнээх биэс дьоллоох күнү атаарбыт буоллахтарына, М.",positive,kyym
Ол эрээри хамнаска буолбатах.,neutral,kyym
Билиҥҥи саҥа былаас дьоно үөһэттэн аллара сүрүннэнэн үлэлиир саҥардыллыбыт судаарыстыба сокуонугар олоҕурар.,neutral,kyym
"Ол да буоллар, Егор олоҕун-үлэтин суола кинини Мииринэйгэ мээнэҕэ аҕалбатаҕар эрэнэр.",positive,kyym
"Кини ырыатын сиэннэрэ, хос сиэннэрэ ыллыахтара турдаҕа.",positive,kyym
"Бөртө” сылгы собуота” ХЭТ өрөспүүбүлүкэ  биир бөдөҥ, уһун кэм устата таһаарыылаахтык үлэлии олорор тэрилтэтинэн буолар.",positive,kyym
Диспансер үлэтин-хамнаһын билистэ Саргылаана БАГЫНАНОВА.,neutral,kyym
"Хас биирдии бырайыакка хостоон көрүү ыытыллыбыт сирин, хайалаах боруода хостоммут сирин булгуччу чөлүгэр түһэрэр үлэ эрдэттэн учуоттанан, киирэ сылдьар.",neutral,kyym
"Нина Чигирева аатын алмааска иҥэрии – бу аҥаардас билинии, ытыктабыл эрэ буолбатах, бу – эдэр артыыстары саҥаттан-саҥа ситиһиигэ көҕүлүүр суол.",positive,kyym
"Тэрилтэ салалтата үлэһиттэр хампаанньа олоҕор-дьаһаҕар көхтөөхтүк кыттыылара кинилэр хампаанньаҕа үтүө, сиэрдээх сыһыаннаах буолууларыгар дьайарын толору өйдүүр.",positive,kyym
Ньургун Боотур” олоҥхо-операҕа сүрүн дьоруой – Айыы бухатыыра – Ньургун Боотур Аллараа дойду күүстэрин кытта туруулаһыыта сэһэргэнэр.,neutral,kyym
"Биллэн турар, учуонайдар-устуоруктар, бар дьон даҕаны этэринэн, боростотуукка – саамай былыргы идэ.",neutral,kyym
"Кэмниэ кэнэҕэс, балай эмэ хойутаан, «сийиэһи» тэрийээччи кимэ билиннэ – сценаҕа маанытык таҥныбыт «солбуйааччы» Д. таҕыста.",neutral,kyym
"Сахалар чараас эйгэлээхпит, барытыгар итэҕэйэбит.",positive,kyym
"Ол түмүгэр бэйэни салайыы уорганнара боломуочуйалаахтар, оттон ону толорор үптэрэ суох.",negative,kyym
"И. Винокуров кэпсээбитинэн, бу “шайтаны” бастаан тордох иһигэр олордубуттар.",neutral,kyym
"Онно дии – геолог булуутун араас хабааннаах, көрүҥнээх ырытыы, көрүү, анаалыс, түмүк оҥоһуллар сирэ.",neutral,kyym
Оннооҕор сорох ыарыһахтар үлэлии-үлэлии эмтэнэр буоллулар.,neutral,kyym
Нэһилиэктэригэр кулууп тутулларыгар олохтоохтор бэйэлэрэ интэриэстээх буоллахтара.,positive,kyym
"Сирбитин кэрийэн, туох баарын-суоҕун көрөн-истэн баран, астынан, дьиэбит диэки эргилиннибит.",positive,kyym
"Мин аатым Дайыына Байдам Сииҥкэ кыыһа диэммин, Нам улууһун Бөтүҥ сэлиэнньэтиттэн төрүттээхпин.",neutral,kyym
"Сир баайын хостуур тосхоллору элбэх сыллаах уопуппутугар тирэҕирэн, хотугу айылҕа уратытын билэр дьон быһыытынан, бэйэбит оҥоробут.",positive,kyym
"Тыа сиригэр мээнэ сылдьыбат уонна сылдьыбатаҕым ырааппыт буолан, туох эрэ үчүгэйи, үтүөнү, сэргэх сэһэни истээри испэр долгуйабын.",positive,kyym
Үтүө дьыала” хамсааһын билиҥҥи салайааччыта бүгүн этиллибит этиилэр барыта дьүүллэнэн форсайт-сессия резолюциятыгар киириэ диэн эрэннэрдэ.,neutral,kyym
"Только для пайщиков СКПК ""Ссудо-Сберегательный Союз"".",neutral,kyym
Онон дьүөгэбин кытта дьиэ куортамнаан олоробут.,neutral,kyym
Бырабыыталыстыба дьиэтигэр 2000 сылы түмүктүүр мунньахха бу хамсааһын түмүгэ таһаарыллыбыта.,neutral,kyym
"Олоҥхом ситиһиилэрин этэр буоллахха, аан маҥнай Уус Алдан Бороҕонугар С.",neutral,kyym
Бу идэҕэ үлэһиттэрбит кэлэ-бара тураллар.,neutral,kyym
"Олоҥхо тыллара уустук соҕус этилэр буолан баран, түргэнник өйдөөбүтүм.",neutral,kyym
"Ол иһин күнүс ыскылааппар үлэлии-үлэлии, барытын билиэх-көрүөх баҕам батарбакка, киэһээҥҥи өттүгэр күн аайы хайа маастарын кытта учаастагы кэрийсэрим, оҥорон таһаарыыны үөрэтэрим.",positive,kyym
Үбүлээһинэ - 130 мөл.,neutral,kyym
"Ити курдук айар куттаах дьон, түмсэн дуоһуйа кэпсэтэн, санаа үллэстэн, инники былааннары торумнаан, күүс-уох, сэниэ бөҕө эбинэн, бары астынан-дуоһуйан тарҕастыбыт.",positive,kyym
Арай тас дойду сорох технологияларын уонна тэриллэрин туттартан аккаастанарга тиийбиттэр.,negative,kyym
"Хомойуох иһин, учууталлар маннык ньыманы билбэттэр.",negative,kyym
"Талаҕы, дулҕа төбөтүн сииллэр.",neutral,kyym
2005 сыллаахха Петр Семенович Ефремов дьаһалынан “Бөртө” сылгы собуота” ХЭТ диэн буолбуппут.,neutral,kyym
"Төрөөбүт айылҕатыгар итинник харыстабыллаах сыһыаннааҕа сөхтөрөн, ол кылгас түгэн умнуллубаттыы хаалан хаалбыт.",positive,kyym
Мин өйбүттэн тахсан хаалбытым.,negative,kyym
Бу күҥҥэ Өксөкүлээх Өлөксөй аатынан норуоттар доҕордоһууларын дьиэтигэр Александр Жирков олоҥхо уонна ыһыах быстыспат ситимнээхтэрин бэлиэтээн эттэ.,neutral,kyym
Оннооҕор мин биир ый Дьокуускайга баран кэлэрбэр 50 тыһ.,neutral,kyym
"Саҥа инбэнтээринэн, тэрилинэн хааччыйабыт, саҥа, сонун сиэксийэлэри уонна хайысхалары киллэрэбит.",positive,kyym
Саамай сүрүн туруорсуубут – биһиги субъект элбэх боломуочуйаны бэйэтигэр ылан сүрүн боппуруостары бэйэтэ быһаарарын курдук бырааптанарын туруорсабыт.,positive,kyym
"Ол эрээри дакаастыыр кыаҕыҥ суох, сабаҕалаан этэҕин.",negative,kyym
"Сержант сыбаанньалаахпын, артылыарыйа пуолкатыгар эрэспиэскэ отделениетын хамандыырабын.",neutral,kyym
Чэпчэтиини туһанар дьон тустаах докумуоннарын көрдөрүөхтээхтэр.,neutral,kyym
"Аҕыйах хонуктааҕыта Дьокуускайга олорор 33 саастаах урбаанньыт кыыс криптовалюта “атыылаһабын” дии санаан, баантан кирэдьиит ылан, 16 709 000 солкуобайын түөкүттэргэ ыытта.",negative,kyym
Хамаандаҕа өрөспүүбүлүкэ бары кэриэтэ улууһун оҕолоро киирбиттэр.,neutral,kyym
"буолуохтаах да сабаас, оччоҕо эрэ тыа сиригэр дьон сүөһү ииттиэ” дииллэр.",neutral,kyym
"Хата, дьон-сэргэ ыҥырыыны сөпкө ылынан, тутууну бэйэлэрин илиилэригэр ылбыттара, күргүөмүнэн үлэлээбитэрэ, харчы хомуйбуттара.",positive,kyym
Оттон Валентина Никифоровна төрөппүт кыыһа: “Үс киһи тыыныгар турбут рецидивискэ 20 сыл диэн олус кыра!,negative,kyym
"Оҕо эрдэхпиттэн мэлдьи Хампаҕа эһэлээх эбэбэр сайылыырым, кинилэр миигин үлэни таптыырга, сүрэхтээх буоларга үөрэппиттэрэ.",positive,kyym
"Оттон кини илиитэ-атаҕа бааллыбыт буоллаҕына, пууну тутар харчыта, ыттары тутар үбэ суох буоллаҕына, аҥаардас бэйэтэ эрэ эппиэттиирэ төһө сөбүй?",negative,kyym
"Бу икки айымньы таптал араас иэйиитин эттэллэр да, дьылҕа хаан оҥоһуутунан хас биирдии киһи бу орто дойдуга дьоллоох буолуохтааҕын, иэримэ дьиэ иччилээн, оҕо-уруу тэнитэр ыйаахтааҕар эрэли саҕар айымньылар.",positive,kyym
"Оттон онно ханнык идэҕэ үөрэнэн, хайдах үлэҕэ киириэххин сөбүн туһунан элбэхтик кэпсээбэттэрэ.",negative,kyym
Мин үөрэҕи бүтэрэр сылбар өлбүтэ.,neutral,kyym
"СӨ баай-дуол, сир сыһыаннаһыыларын  миниистирин бастакы солбуйааччытынан  үлэлии олорон баайы-дуолу олохтоох бэйэни салайыныыга бэриллиитин үлэтин сүрүннэспитэ.",neutral,kyym
"Волейболист кыргыттар, художественнай гимнастикаҕа, путбуолга кыттааччыларбыт олус үчүгэйдик киирсэн тураллар.",positive,kyym
"Кылгас тохтобулга кураанах кэриэтэ платформаҕа биир оннук кураанах богуонтан хойутаабыт уоппускалаахтар саккыраһан тахсан, тустаах сирдэригэр тиэтэйэллэр.",neutral,kyym
"Стерх” бэстибээл гала-кэнсиэригэр дьон-сэргэ хас биирдии хамсаныыны, сюжет хас биирдии хаамыытын олус истиҥник, үөрэ-көтө ылыммыта.",positive,kyym
"Аны туран, олохтоох бэйэни салайыныыга кэккэ уратылар бааллар, холобур, нэһилиэнньэ мунньаҕынан быһаарыллар боппуруостар бааллар, киэҥ иһитиннэриигэ тахсар (публичные слушания) боппуруостара бааллар.",neutral,kyym
Накыыннааҕы сир баайдаах сиргэ массыынаны өрөмүөннүүр силиэсэр үлэтэ – сир баайын хостуур тиэхиньикэ-массыына тохтоло суох үлэтин хааччыйарга кырата суох суолталаах тутаах идэ.,positive,kyym
"Холобур, билиҥҥитэ “дьиҥ­нээх эр киһи” уонна “дьиҥ­нээх эр” диэн өйдөбүллэр – “бу көмүскээччи” уонна “бу булааччы-талааччы, хааччыйааччы” – майгыннаһар эбит буоллахтарына, “дьиҥнээх дьахтар” уонна “дьиҥнээх ойох” диэн өйдө­бүллэр атын-атыттар уонна ардылара эмиэ атан иһэр кэриҥнээх.",neutral,kyym
Оччотугар учууталга үөрэҕи-билиини биэрэригэр быдан чэпчиир.,neutral,kyym
"ЯПУ - 2 билигин да үчүгэйдик саныылларыттан, ахталларытттан үөрэбин",positive,forum
Туох да мероприятие игн болбат ду,negative,forum
тумулга оскуола5а уерэмикит да,neutral,forum
Бэйэбиттэн 5 сыл а5а убайдаах этим онтум быйыл эмискэ эмиэ суох буолла,negative,forum
"Билигин хас киьи олороруй, а5ыйаатылар буолуо, бары коьон",negative,forum
Хонор этибит детсадка ол са5ана,neutral,forum
Вячеслав Чорновил ссылка5а олоро сылдьыбыта,negative,forum
эн миигитэн элбэ5и бутэрбиккин быьыылаах,neutral,forum
Нуучча да саата учугэй,positive,forum
"Маай бырааьынньыгар куорат таьа, суол кытыыта барыта шашлык буолар",neutral,forum
"Тото аһаабыт дьон быһыытынан, хас да буолан, таһырдьа тахсан табахтаатыбыт",positive,forum
Кинилэр улахан юлэни юлэлээтилэр эрээри ыраа5ынан ситэтэ суох,negative,forum
Онон СЕМ кыайарын саарбахтыыбын,negative,forum
Манна самыыр ибиирэн туhэр,neutral,forum
эдэр ыччат ыал бо5о буо,positive,forum
"Мин , бииргэ бултуур уолаттарым тл порнуха бого корон утуйаллар туул туьээри)))",positive,forum
билигин соро5ор массыына5а истэбин уруккуну саныыбын,neutral,forum
Билсиhэ керсуhэ сатаабакка,negative,forum
ити Саарба Киис диэни булкуйар долбайдарга туьаайан,negative,forum
Миигин кытта билсиэн этэ да,positive,forum
Я-5а ыйытыам этэ,neutral,forum
96-98 спту-4 уэрэммитэр ханна5ытыый бааргыт доооо,positive,forum
"ханна эмит атыылыыллара дуу, эбэтэр онорооччу маастар баара дуу",neutral,forum
Сахалар оннук маннык боолаҕыт ешкалар,negative,forum
кытаанах кэпсэтии вохсуу,negative,forum
Беляев Игнат ханна тийдэ кэргэннэннэ да или как а может кто знает его сот скиньте плиз,neutral,forum
Сунтаарбар барыахпын ба5ардым ийэбин а5абын а5ынным,negative,forum
"Буо5ар5аны этэбин, дьэ кетер ааттаах эрээри кур суурэ сылдьар буолар, редко отой бу уктэтээри гынна5ына ата5ын анныттан кетен киьини соьутааччы абааьы кетере, онтон да сылтаан сурэх ыарыьах буоллум быьылаах",negative,forum
"Оччоҕо үөрэммит справкаҕын, медосмотргын, фотоҕун, акт осмотра, паспоргын, охотбилеткын туппутунан разрешительнайга тиийэҕин",neutral,forum
уерэттэххэ дворовай да боруода барар,positive,forum
Уол олох бэркэ ыллыыр эбит,positive,forum
Урут 1990 сс сылларга Орто Халыма5а улэлээбитэ,neutral,forum
"Чкаловка да Саҥа Дьылга туох эмэ тэрээһин буолла ини, билэр дьон суруйуохтара",positive,forum
"30 Бог не вменил нам в вину времена неведения нашего, но теперь повелевает всем людям повсюду покаяться",neutral,forum
Алаас кыыһа аатын кимий,neutral,forum
Эн тлф хаалларбакка хайдах ХАЬААЙКАга киирэгин,neutral,forum
eгоркaлaaх дьыaлaлaрa хaйaспытый,neutral,forum
Медосмотр (ханнык быраастары бараргын этиэхтэрэ ),neutral,forum
"Онно уьус куммутун эмиэ хоннубут, биир убай син ойдонон олоруста, 14 олордубут",neutral,forum
"Маастар да сах да буол, манна Малдьа5арга боростой любой ыччат эйигин биир бииргэ по любак тоhутар",negative,forum
Мааматтан привет) кэлэн иьэр сана дьылынан э5эрдэ,positive,forum
Дьэ оннук хамнастаах улэни хантан булабын,negative,forum
"Туртаьы бултаан бо, уонна оптики илдьэ сылдьар ордук",neutral,forum
КондакСаргы диэн хайдах кыыьый,neutral,forum
сордоох да дьоннут ди,negative,forum
Мин бултуу-балыктыы баран икки-үс хонон кэллэхпинэ саҥарыах курдуктар,neutral,forum
Ону хайгыахха эрэ наада,positive,forum
Тулагы икки Ханалас ыккардынан островка протокаха бэьээ киирэн олордум,neutral,forum
"Баар декумуоннаах, атыылыам 89644197142",neutral,forum
"Ийээ, аҕаа, үрүҥ күн –",positive,forum
ото мин боппуруоспар то5о эппиэттээбэккит,negative,forum
"Саам ежектора алдьанан хаалла кимиэхэ эмит баар буоларай, алдьаммыт игин саа",negative,forum
"Дьахтар көрдүү, Эр көрдүү киирэллэр, ыал дьон эрээри манна тоҕо суруйаллара буолуой",negative,forum
Харана халлаанна со5отох ыйдана,neutral,forum
Сотору ытым төрүүр,positive,forum
Дьахтар курдуккун бы4ылаах,negative,forum
Сырдат диэн тугу эттин,neutral,forum
"яковлeв вaлeрa 1984или 1985сыллaaх мaстaх уолa,хaннa тиийдэ,тугу дьыaлaйдыр,о5о уруу",neutral,forum
"» - диэтэргин,",neutral,forum
Если надо будет сырайыгар этэммин таах приземли гыныахпын соп,negative,forum
"Туохха сытарый Иисус олоҕун, уонна өлүүтүн суолтата",neutral,forum
Хас сарсыарда аайы 1,neutral,forum
хайдах буола сылдьарый,neutral,forum
"Кинилиин туруга санаата ордуга боло, уоскулаҥ кут сүр олохтуура боло, ол өттүн көр, төһө да кырасаабыссаҥ иһин, кут сүр уоскулаҥын биэрэ сатыан этэ буоллаҕа, кытаат",positive,forum
Бэйэтэ 1976 сыллаах,neutral,forum
"Оройбунан дьэ кердум,",neutral,forum
То5о эрэ дивизион таьыгар истиэпкэ сылдьарбытын хайа да аппыьыар бопсубат,negative,forum
"Чаппандалар бэйэ бодо5утун тардынын, беьуелэккит уутун хаарын хорон туьэрин",positive,forum
Ону биир чааhын уларыттахха атыныгар охсуута суох дуо,negative,forum
Вепрь 308 L590 ОРДУК,positive,forum
Муора игин тохтоото5о ди,neutral,forum
"Тугу түһээтин диэтэхпинэ, эн Ийэҥ үрэх аннараа кытылыгар туран миигин ыҥырар дьиэтти",neutral,forum
"мелкашканан куттал суох буоллаҕына ыппатах ордук,араанньы эрэ оҥоруон,ол кэнниттэн бэйэҕин конкретно бултаһыан сөп,оннук дьаһаннаҕына итог 90-10 ҥа кини туһатыгар",negative,forum
Программата хайда5ый улэhит биллэр эрэ,neutral,forum
"Оо Майя барахсан билсиһиини сөргүппүт махтал, дьэ билсиһиэхпит буоллага",positive,forum
Бука барыгытын саха сирин күнүнэн,positive,forum
"3, Майя бэйэтэ кими кытта билсэрий",neutral,forum
"Мин истинник,киин сиртэн туетэлиин догордоьорго,кер-нарга сылдьарга,догордоьуом этэ",positive,forum
билсиэх киһи көрү-нары сөбүлээбэппин),negative,forum
Сандра оччого мин кимциний,neutral,forum
"Элигиэт, эн киси буоллагын дии",neutral,forum
"offen, Сандра мин догоро суох буоллахпына хайа белеххе сыьыарара буолла",negative,forum
Керсуе киьи килбиэнэбин,positive,forum
Күөх Маайынан эҕэрдэ,positive,forum
"55-60 саастаах чөл олохтоох, үлэлиир огдообо эр киһини кытта билсиэм этэ",positive,forum
"бугун арыгы исиьэр дьахтар баар дуо маайынан сибээстээн, онтон тохсус маайга эмиэ тэннэ исиьэр асаьар туетэ наада харчы элбэх Дьиэ да баар сууллаары да турар буоллар",positive,forum
Эн Эр дьон аатын того туьэрэгин,negative,forum
"Дорооболоруҥ,параады көрөн келлим,тоҥнум да буоллар",positive,forum
За 50 буолбатах этэ да топ,neutral,forum
Параад буолар кун наар тымныы бахайы буолар дии,negative,forum
"Мин тел нен,уе киирэр буолан были проблемы с мини-оперой",negative,forum
Урут 6 тыь,neutral,forum
"Этээппин оҕолуу хомойуоҥ,",negative,forum
Онон 11-тэн дьэ биллиэ сиикэрэлээн,neutral,forum
МВЯ - 2011 кыттан эрэбин,neutral,forum
мин дойдубар кэлэн астына дуоьуйа ахн сылдьабн))))) тох да наадата сох~)))) кимнэх 8сс8 бааргытый,positive,forum
"Түөрт диэн түөрт,",neutral,forum
Олус учугэйдик суруйбуккун,positive,forum
"Аполлон биьиги кэккэбитигэр хомойуох иьин суох(((, Кутилова Москва5а кеспут",negative,forum
"Сана дьылынан, ороьооспонон, крещениенан оссо ыьыах чугаьаабытынан (на всякий случай)",positive,forum
"Арааста, «били ас» кыаттарбакка кэтэһэ сыппыт бадахтаах",negative,forum
"НАҺАА улахан, үрдүк тыатаа5ы эбит",neutral,forum
Бvгvн киhи баар сарсын уже суох,negative,forum
"сотору кэминэн куус комо буолуохтара ди, билигин да комолоьоллоро буолуо",positive,forum
ол үс-түөрт киһиттэн биирдэстэрин - илэ Саха Тылын таҥаратын курдук көрөр дьон баар ээ),negative,forum
Мин олохпун уонна тиллиибин ким Миигин итэҕэйбит өллөҕүнэ да Мин бүтэһик күҥҥэ тилиннэриэм диир,negative,forum
", эчи ынырыгын",negative,forum
Аполлон туох буолбутай,neutral,forum
"Билин,н,и эдэр ыччат оннук мустан оонньуу-к8рулуу сылдьарын к8р8 иликпин",negative,forum
"чэ,соседтар наьаа кыыьырсыман",negative,forum
Түннүгүм анныгар түспүтэ,neutral,forum
Ол журналы керен биэрэллэр буолла5а,neutral,forum
Таатталар талах курдаахпыт,positive,forum
5 киьибит правительство5а улэлииллэр дии,neutral,forum
Дэнэр тэрил тугу туһалыырый,neutral,forum
Аймах мин хаартыны чыыстай оонньооботох устуукам чиэhинэ пикала эрэ хараап эрэ уонна абааhы корооччубун,negative,forum
Тииҥ этэ крест рынокка атыылыыллар дуо,neutral,forum
Таптарбыт буолан биллибэтэ5э буолуо диэн буолбута,neutral,forum
"Дьяконов Буоккэни""Кальмары""ким билэр комолоьун",neutral,forum
"Эмансипированнай, культур-мультур дьахталлар олороллор дуу, өйдүүн-санаалыын биир эмэ сахалыы иитиилээх дьахтар баара буолуо дуу",negative,forum
Ньургуйаана булуу этэ дуо,neutral,forum
"Александра Ивановна Платонова (Захарова), Дириҥҥэ агрооскуолаҕа завуч этэ",neutral,forum
"тарасиктаах алена амма5а быьылаах,окси коракка",neutral,forum
Туох омугуй Попов,neutral,forum
Дир мелтех киьи улэтин кыайбат сатаан да санарбат,negative,forum
учугэйдик толкуйдаан куоластыахха наада,neutral,forum
"""Саха ытын"" билигин борорстуой дьон булан ылара реальнай дуо",neutral,forum
Э5эрдэ буолуохтун земляки,positive,forum
Ону киhи ойугэр баппат туох эрэ дьикти баар диэн ойдобулгэ кэлэ5ин,negative,forum
"Наhаа учугэй маама5ын, молодчина",positive,forum
"миннарыйа, нет худа без добра диэн да",positive,forum
"Кыыс диэки эргийэн кѳрбѳккѳ,",neutral,forum
Бүтэһигинэн Зиналаах Надя тахсан кэллилэр,neutral,forum
"Туох аатаах лухаалаан та5ыстыгыт, лукачевскай буотахпын",negative,forum
"Чуэчэ дирэктэрди олороро учугэй б858 буолла5а дьи,дьэдьэтэ5эр",positive,forum
Асер ханна суттун эмиэ дьигэ киирбит ди бадага кыыскын ким диэн сурэхтээтин,neutral,forum
"стипи, 15, кэлэн көрө сылдьаҕын дуо",neutral,forum
Ити ону маны дой5охтуур дьонно кыьанматка,negative,forum
Ханна-ханна сылдьыбыппыт буолла,neutral,forum
Где вы то5о суттугут,neutral,forum
Сайыммыт ууннэ да тымныыта сурэ бэрт олох куьун курдук,negative,forum
Сох сох группа,neutral,forum
"Ону атын, үчүгэйдик олорор омук курдук көннөрөргө,аччыгыйа икки үйэ наада",negative,forum
"Ийэ кунугэр анаан мероприятия буолбута, ааспыт неделя5а, Ньурбаттан МФЦ-лар, быраастар, психолог, тахсаннар дьону консультациялаатылар",neutral,forum
"девиз диэн сахалыытын билбэппин, табаарыһым Бигэ уол киирэн тылбаастыыр ини диэн эрэнэбин:))))",positive,forum
Хайа аймах пикаланы билбэккин ду,neutral,forum
2001 ханна бааргытый,neutral,forum
Ыарахана сурдээх ол да буоллар 4 киьи киьилиэхпит дуо тардан иьэбит,negative,forum
Нижний Бэстээххэ баар,neutral,forum
"Биьиги Уоьээ-Булуулэр Доллу нэьилиэгэр ананан,тото-хана сахалыы аьаан, ыкса билсэн, сэьэргэьэн тар5аспыппыт",positive,forum
суруйбаккын дьи 9241733544,negative,forum
"Дьэ дьыл5а оннук ""кустаппыт""",neutral,forum
"Аны манна кэлэрэ буолуо, наьаа элбээтэ",negative,forum
Лина диэн кэргэннээх этэ,neutral,forum
Онтон сахалы аата,neutral,forum
"Долбай буоллаан ди,чукча",negative,forum
Скс штыга баар диигин дуу,neutral,forum
"киллэрин эрэ кердеheбун, эрдэттэн махтал",positive,forum
Манна сахалыы форуму киртитимэ,negative,forum
"Дьэрбэ, онто даҕаны суох арамаантыка үлэлээх",negative,forum
"Кэбис манна билсиьиннэриэ суох эбит ""дьон""",negative,forum
Лайка сыаната төһө буоларый,neutral,forum
Попов гарик хайда5ый,neutral,forum
"Гарик иккис кэргэннэммитэ, музыка учуутала тонулугэ",positive,forum
майгым ваще сытыары сымнахас,negative,forum
"Ханна арыйабын оччо5о ""растение"" ""домашние животные"" да",neutral,forum
Чуочэбин дьукаах кордуубун,neutral,forum
кэргэнэ тобо5ун быhа тардыа,negative,forum
соьуйбут дьон ойон турдулар,negative,forum
"устар 1 күнун , биир дойдулаахппыт айар биэчэригэр атаарын",positive,forum
"Анаан сылдьыбаппын, эрээри атын куоракка экскурсияҕа игин баар буоллаҕына киирэн чүмэчи уматабын, суоттуга эмиэ баар ди, онно эмиэ киирэн уматыахпын сөп",neutral,forum
"Билигин уонна күһүн кэлэн кулубтарга концерт көрө, спортивнай мероприятияларга эгин сырыт",positive,forum
"Хантан эдэр кыыс диэн биллигит багар эр киьи уеннурэ олорор буолуо уксэ манна оннук кулуу элэк ,онон биир да биллэрии дьицнээх буолара саарбах",negative,forum
"саха аборигеннай булчут ыппытын впкос-ка таьаарага дьиннээх племенной улэ барыахтаах,сельхозинститут,академияны улэлэтэн,учугэй хааннаах булчуттар ыттарын талан",neutral,forum
"Кырдьа5ас булчуппут манна сытыахпыт диэн куруэ таһыгар тирии тэллэхтэнэн урдугэр сыттыбыт, суеһу уну5а иннибитигэр 20-чэ миэтр курдук",neutral,forum
"Мин санаабар,сахалыы КУТ КИЛЛЭРИИ диэн ОБРЯД оноруохха наада",neutral,forum
"Эьиэхэ не интересно да, кыра дэриэбинэ сонуннара",negative,forum
былыргы хаартыскаларга кордохо киьи оттугунэн сылдьар ыттар ди алабай сага,neutral,forum
Просто кэпсэтиэххэ сеп,neutral,forum
- Чэ барыахха,neutral,forum
Мукучулар хайдах утуйаалан баран барытын тулуйан олоробутуй,negative,forum
Тыыннаах күөх кэрэни аныыбын,positive,forum
Fabarm хайдах сааный,neutral,forum
"дима 8 кылаас, айаал 6 кылаас, маша 4 кылаас",neutral,forum
Интимнээх эрэ билсэбин,neutral,forum
хайдах эрэ нето ба5айы,negative,forum
Дууһам тылын таарыйан,positive,forum
"Биир да Танданы сэнээрэр киьи суо5а то5о бэрдэй, до5оор",positive,forum
кусчуттар да саас суол суох кус да наһаа таарыйбат буолан бэйэбит эрэ хаһаайынныыбыт сааһын дьэ киһибин кэтэһэргэ сананным крышаны кириэппэс оҥостон ремоннаабытынан бардым хата сиэрдийэ баар буолан икки өртүн бүөлээтим күүлэ туллубут муосталарын таһааран орон оҥостон онно 3түүн киһим кэлиэр дылы хонон турдум арба өрдөөҕү тостубут уктаах анньыыны булан уктаан үҥүү оҥостон ыбылы сытыылаан күнүстэри олох тута сырыттым ону санаатахпына билигин да куйахам күүрэн ылар,negative,forum
Билиҥҥи сыанатын билбэтим,neutral,forum
Сана учуутал Нарыйа афанасьевна,neutral,forum
1963 дуу 64 дуу с,neutral,forum
"Елизарова Светлана Сергеевна математика учуутала этэ дии, кини билигин ханна баара буолла",neutral,forum
Экраан кытарбат диэ,neutral,forum
работаю в жкх,neutral,forum
Хоту хайдага буолла,neutral,forum
Биир дойдулаахтарбар УРУЙ АЙХАЛ буолуохтун,positive,forum
Кинилэр сокуоннара кытаанах буолан төрөппүттэрэ наһаа мөхпөттөр,neutral,forum
"Бэрт борустуой ити аныгы вариант, былыргыны көллөрөн эрэ биэрдэххэ өйдүөҥ",neutral,forum
2 миэтр курдук чугас эһэюит хаһыыта иһиллиннэ уонна теттеру куотар тыаһа иһилиннэ,negative,forum
000 бугун кордум,neutral,forum
"Со5отох хаалбыт ийэ, дирин кутур5аммын тиэрдэбин",negative,forum
"Мин биир куьун сайылык урдугэр кэтии сылдьыбыты,онно мончуктаах сыппытым олох туспэт этэ",positive,forum
кэргэн тахсыбыта быьылаах,neutral,forum
Артур Сокорутов Уус-Алдан Кэптэнитигэр Машатынаан биэс о5олоох быр-бааччы ыал буолан олорорун билэбин,positive,forum
"света, 6 см билээри секстэккэ наадоо буо тетялаар, бастаан",neutral,forum
Ол спортзaл туох дa тыбыс-тымныы ини билигин,negative,forum
Эьиги ханна олорогут,neutral,forum
40 хонук кэнниттэн тереебут Чурапчым урдугэр ыстаран кэбиьиэм))),positive,forum
харчы кредит диэн,neutral,forum
көрүҥэр уонна бултуур хаачыстыбатыгар сүрүн болҕомтону ууран,neutral,forum
Ол содула күннээ5и харах далыгар кестерүн бэйэбит да ейдеен кербеппүт,negative,forum
Ити Барашков Ариан диэн кимнээххэ кутуетуй,neutral,forum
Тебе ыарыыта туох биричиинэттэн буолбутун быьаар уонна ол биричиинэтин туорат,neutral,forum
"Кстати, бу кысын биир бочуоттаах юбилярга ""Почетный охотник"" диэн знак уонна удостоверение биэрбиттэрэ, ол огонньор сроктан тутулуга суох бултуур буолар усу",positive,forum
суруй бассаап кэпсэтиэх манна сугуннээбэттэр быьылаах,negative,forum
ник нонуо хаалар ордук буолуо,neutral,forum
Илдьэ сылдьабын того хаалларыахпыный,neutral,forum
"Эмэ-томо суох, бэйэм бырахпытым",positive,forum
Выпуск 94 год,neutral,forum
Кинилэри сайыспыт буоллахпына,negative,forum
"Аһаан баран, тахсан табаахтаан бур5ата олордохпутуна, ГАЗ-51 массыына кэлэн тохтуу биэрдэ",neutral,forum
Ньурба Малдьа5ардара дорооболорун,positive,forum
Кто нить что нить слышал,neutral,forum
"Алёша олох наар улэ да улэ,к8рс8р да,кэпсэтэр да солото суох буолачы",negative,forum
Биир бириэмэни болдьоhон баран тэннэ кэпсэппит киhи,neutral,forum
94-95 оржанкаҕа общагаҕа олорбутун дуо,neutral,forum
эйигин тыыппат буолла5ына то5о бултаары гына5ын,negative,forum
Ол гынан баран мин са5ана оннук баара дуу,neutral,forum
Сир дойдуну уоту аьатабыт онон бутэр,neutral,forum
ытык кюльтэн сылдар талах курдаах гоголев кешаны ким билэрэээй,neutral,forum
Биир уоллаахпын сааһым 46 оннук барсар да,neutral,forum
"Буолар Кэмэ: Ыам ыйын 19 күнэ, 18",neutral,forum
"Улуустар форумнарын киирэн көр,быйыл эрдэ буолаллар,12-19",neutral,forum
