"annotation_id","annotator","created_at","id","lead_time","label","text","updated_at"
1,"1","2025-02-11T12:03:56.024797Z",1,16.561,"Negative","Зеленскэй бу эпэрээссийэтин байыаннай сыалын НАТО да билбэт эбит.","2025-02-11T12:03:56.024878Z"
2,"1","2025-02-11T12:16:53.641475Z",2,775.507,"Neutral","Тоҕо диэтэххэ, мин саныахпар, кинини кытары ыкса эт-хаан сыһыаннаһыытыгар киирэн хааллахпытына, аны чугасыһан хаалыахпытын сөп этэ.","2025-02-11T12:16:53.641568Z"
3,"1","2025-02-11T12:17:02.235832Z",3,7.22,"Positive","Миленаҕа биир үчүгэй хаачыстыбатын бэлиэтиибин – наһаа үлэһит.","2025-02-11T12:17:02.235911Z"
4,"1","2025-02-11T12:17:52.353546Z",4,48.784,"Positive","Сымнаҕас, сиргэмтэҕэ суоҕа. Бултуурбар үксүн сиэтэ сылдьааччыбын.","2025-02-11T12:17:52.353632Z"
5,"1","2025-02-11T12:18:10.932081Z",5,16.365,"Positive","Бу идэни аҕам сүбэтинэн талан ылан, “Кини дьыалатыгар тэҥҥэ үлэлэһиэм” диэн санааттан үөрэммитим.","2025-02-11T12:18:10.932167Z"
6,"1","2025-02-11T12:21:17.226944Z",6,184.704,"Neutral","Айаҥҥа ийэбит атааран айгыстыбат идэлээҕэ.","2025-02-11T12:21:17.227024Z"
7,"1","2025-02-11T12:21:29.005797Z",7,10.238,"Positive","Хомуур хамаанда чилиэннэрэ КСК иитиллээччилэригэр үтүө холобур буолаллар.","2025-02-11T12:21:29.005878Z"
8,"1","2025-02-11T12:23:25.025257Z",8,113.916,"Neutral","Бу идэлэргэ үөрэтэр үһүс симиэнэ кыттыылаахтара аан бастаан холоммуттара.","2025-02-11T12:23:25.025336Z"
9,"1","2025-02-11T12:26:24.608815Z",9,177.962,"Neutral","Онон дьон-сэргэ хараҕын далыгар, наада буоллаҕына сынньанан да ааһалларын курдук сэлиэнньэ ортотугар тутуохха”, – диэтим.","2025-02-11T12:26:24.608899Z"
10,"1","2025-02-11T12:26:32.227590Z",10,5.547,"Neutral","Онуоха, ол кыыл кинилэртэн арахпатах.","2025-02-11T12:26:32.227675Z"
11,"1","2025-02-11T12:26:56.797262Z",11,23.263,"Neutral","Итини Чечняҕа буолбут сэрии туоһулуур.","2025-02-11T12:26:56.797340Z"
12,"1","2025-02-11T12:27:18.975744Z",12,20.587,"Negative","Арай кыһын ЯТЭК гаас хостуур сиригэр туох эмэ улахан саахал буоллун?","2025-02-11T12:27:18.975822Z"
13,"1","2025-02-11T12:28:19.947517Z",13,59.621,"Neutral","Өй­дөөҕүн даҕаны аҕыйахтык көрөрүм.","2025-02-11T12:28:19.947596Z"
14,"1","2025-02-11T12:28:40.362589Z",14,19.035,"Neutral","Ону ситиһэрбитигэр кинилэргэ анаан финансовай куурус ыытабыт, хас биирдии кэлбит киһиэхэ ыйдааҕы дохуоттарын, ороскуоттарын ааҕан биэрэммит, сүбэ-ама биэриэхпитин сөп.","2025-02-11T12:28:40.362668Z"
15,"1","2025-02-11T12:29:00.887236Z",15,19.363,"Neutral","Дьэ, онно ырыынак усулуобуйатыгар саҥа структуралары тэрийэн барбыта.","2025-02-11T12:29:00.887314Z"
16,"1","2025-02-11T12:29:39.248374Z",16,36.599,"Neutral","Арай кэлэр-барар сирэ суох хааллаххытына, ханна кэлэргитин билэҕит”, – диэн судургутук хоруйдуура.","2025-02-11T12:29:39.248450Z"
17,"1","2025-02-11T12:30:13.583402Z",17,32.821,"Positive","Түөрт сыл иһигэр 1-кы эрэсэрээттээх тустууктан олимпийскай чөмпүйүөн, аан дойду үс төгүллээх чөмпүйүөнэ буола үүнэрэ киһи өйүгэр баппат холобур.","2025-02-11T12:30:13.583485Z"
18,"1","2025-02-11T12:31:06.564547Z",18,51.338,"Neutral","Уурунуу үпкэ-харчыга сыһыаннааҕы – олорор дьиэни атыылаһыыны, үөрэх төлөбүрүн эбэтэр бэйэ дьарыгын тэриниини  уһун кэмҥэ торумнуурга төһүү буолар.","2025-02-11T12:31:06.564624Z"
19,"1","2025-02-11T12:32:01.487918Z",19,53.251,"Neutral","Бастаан Набережнайтан саҕалаан “Юность” эбии үөрэхтээһин киинигэр диэри территория оҥоһуллубута.","2025-02-11T12:32:01.488019Z"
20,"1","2025-02-11T12:32:33.397409Z",20,29.547,"Neutral","Ол түмүгэр, обургу оҕолор оонньуур, успуордунан дьарыктанар былаһааккалара тутуллубута.","2025-02-11T12:32:33.397947Z"
21,"1","2025-02-11T12:32:47.416816Z",21,12.116,"Neutral","Министиэристибэ тула бүддьүөттэн үбүлэнэр атын тэрилтэлэр, ГБУ-лар элбэхтэр.","2025-02-11T12:32:47.416893Z"
22,"1","2025-02-11T12:32:57.657177Z",22,8.477,"Neutral","Судьуйа уонна борокуруор кини албакаатын этиитин ылымматылар.","2025-02-11T12:32:57.657256Z"
23,"1","2025-02-11T12:33:42.664284Z",23,43.522,"Negative","Мария чаайын сыпсырыйа-сыпсырыйа умса туттан саҥара олордо.","2025-02-11T12:33:42.664368Z"
24,"1","2025-02-11T12:34:00.129549Z",24,16.291,"Negative","Иккис эһэм Ыстапаан 1930 с. кулаактанан сыылкаҕа бараахтаабыт.","2025-02-11T12:34:00.129629Z"
25,"1","2025-02-11T12:34:06.915802Z",25,4.785,"Neutral","Онно биэс уончалаах киһи тиийэн кэлбитэ.","2025-02-11T12:34:06.915880Z"
26,"1","2025-02-11T12:35:40.001766Z",26,91.555,"Positive","Билигин дьон-сэргэ үбүн-харчытын сүрдээҕин суоттанар, онон бырагырааманы ымпыктаан-чымпыктаан талаллар.","2025-02-11T12:35:40.001846Z"
27,"1","2025-02-11T12:35:56.284926Z",27,15.044,"Positive","Оттон алмаас көмүстээҕэр күндү, үрүҥ көмүстээҕэр ыраас уонна тимирдээҕэр кытаанах.","2025-02-11T12:35:56.285003Z"
28,"1","2025-02-11T12:36:05.459825Z",28,7.461,"Neutral","Кини биэс тыһыынча биэнсийэтигэр олор­буппут.","2025-02-11T12:36:05.459905Z"
29,"1","2025-02-11T12:36:18.085567Z",29,11.615,"Neutral","Табаhыттар Арассыыйатааҕы сойуустарын тэрээhиннэригэр Чукотка, Сахалин, Тыва, Саха сирин, Хабаровскай кыраай уо.","2025-02-11T12:36:18.085644Z"
30,"1","2025-02-11T12:36:31.733614Z",30,12.209,"Negative","Үчүгэй олохтоох дьон миэхэ сылдьыбаттар.","2025-02-11T12:36:31.733692Z"
31,"1","2025-02-11T12:38:01.248763Z",31,88.195,"Neutral","Кэлгиэлээх буолуон сөп, ону уҥуох тас өттүгэр өссө биир уһун синньигэс үөрбэ маһа көстүбүтэ туоһулуур.","2025-02-11T12:38:01.248844Z"
32,"1","2025-02-11T12:38:35.246537Z",32,32.186,"Neutral","Мэҥэ Хаҥалас Балыктааҕар оскуола дириэктэрэ Ирина Васильевна Черкашина көҕүлээһининэн, оскуола кэлэктиибэ бэйэтин күүһүнэн оскуолатын өрөмүөннээбитэ, интэринээтигэр үлэ бөҕөнү ыыппыта.","2025-02-11T12:38:35.246613Z"
33,"1","2025-02-11T12:38:52.822958Z",33,16.247,"Neutral","Арассыыйа күүһүн мунньан, ити чаастары Курскайга үлтүрүттэҕинэ, Украина утарылаһар күүһэ бүтэр” дииллэр.","2025-02-11T12:38:52.823044Z"
34,"1","2025-02-11T12:39:33.489248Z",34,39.103,"Positive","Кини бэйэтэ сопхуоска инженер-мэхээнньигинэн үлэлээбитэ эрээри, “Саха сирин ыччата хайаан да бырамыысыланнаска үлэлиэхтээх” диэн бигэтик эрэнэр этэ.","2025-02-11T12:39:33.489331Z"
35,"1","2025-02-11T12:40:32.030072Z",35,57.278,"Neutral","Барыларыгар көстөр гына Пушкин кинигэтин түбэһиэх арыйа баттаат, ааҕа-ааҕа күлэн сыһыгырыыра.","2025-02-11T12:40:32.030147Z"
36,"1","2025-02-11T12:40:59.657553Z",36,25.99,"Neutral","Инньэ гынан көрүллүбүт үп нэһилиэк олохтоохторугар хаалар.","2025-02-11T12:40:59.657629Z"
37,"1","2025-02-11T12:41:25.121829Z",37,23.917,"Neutral","Бу сибиинньэлэр турар сирдэрин үлтү хаһан, буору илдьиритэн, уоҕурдан оҕуруокка туһанарга  олус бэрт гына оҥоруох эбиттэр.","2025-02-11T12:41:25.121911Z"
38,"1","2025-02-11T12:41:35.023138Z",38,8.328,"Positive","Онно үлэһиттэрбит булугас, сытыы өйдөрө, үлэ хаамыытын тупсарарга дьулуурдара тирэх буолла.","2025-02-11T12:41:35.023219Z"
39,"1","2025-02-11T12:42:15.302095Z",39,33.601,"Negative","Ол курдук, арҕаалар кинилэр кигиилэринэн “бүтэһик украинецка” диэри сэриилэһэргэ сөбүлэспит “сабыдыал ааҕына” оҥостубут Зеленскэйдэрин куоттаран эрдэхтэрэ.","2025-02-11T12:42:15.302175Z"
40,"1","2025-02-11T12:42:39.450074Z",40,22.288,"Neutral","С. Степановтан “бу ким сирэй” диэн ыйыттым.","2025-02-11T12:42:39.450151Z"
41,"1","2025-02-11T12:42:46.182396Z",41,5.023,"Positive","Бары “үтүө дьыаланы оҥордорбун” диэн санаалаах кыттыспыттара.","2025-02-11T12:42:46.182474Z"
42,"1","2025-02-11T12:43:07.117793Z",42,19.581,"Negative","Эдэр дьон үөрэхтэрин бүтэрбиттэрин да иһин, тыа сиригэр төннүбэттэр.","2025-02-11T12:43:07.117879Z"
43,"1","2025-02-11T12:43:48.590264Z",43,40.058,"Neutral","Тоҕо биирдэ даҕаны почтанан сакаастаан, кэпсэппэккиний?","2025-02-11T12:43:48.590343Z"
44,"1","2025-02-11T12:43:59.105923Z",44,9.368,"Neutral","Медиахакатон” туһунан үөрэххэ бииргэ сылдьыбыт, былырыын бэйэлэрэ онно кыттыбыт оҕолор кэпсээбиттэрэ.","2025-02-11T12:43:59.106000Z"
45,"1","2025-02-11T12:44:34.028222Z",45,33.627,"Negative","Дьахталларга урут эрэллээх-бэриниилээх буолууну, хаһаайыстыбанньаҥы, оҕоҕо тапталы талар эбит буоллахтарына, билигин олохтоохтор 71 %-нара итини ааттаабат, талбат буолбут.","2025-02-11T12:44:34.028310Z"
46,"1","2025-02-11T12:44:43.428120Z",46,7.795,"Neutral","Тоҕо диэтэххэ, илиигинэн харчыны туттаххына, төбөҥ, мэйииҥ тэҥинэн үлэлииллэр.","2025-02-11T12:44:43.428200Z"
47,"1","2025-02-11T12:44:51.480251Z",47,6.776,"Neutral","Улуу айымньы тугу биэрэр, туохха туһалыыр дии саныыгын?","2025-02-11T12:44:51.480347Z"
48,"1","2025-02-11T12:45:04.951293Z",48,11.801,"Neutral","Наһаа субу-субу уларыйар буоллаҕына, ыарыыга ылларыахха сөп.","2025-02-11T12:45:04.951375Z"
49,"1","2025-02-11T12:45:17.776936Z",49,11.547,"Positive","Манна бэлиэтээн этэххэ, ХИФУ алмаас салаатыгар  каадыры бэлэмнээн биэрэр кылаабынай үөрэх кыһаларыттан биирдэстэрэ буолар.","2025-02-11T12:45:17.777182Z"
50,"1","2025-02-11T12:45:33.619051Z",50,14.298,"Positive","Е. Николаев “Саха өрөспүүбүлүкэтигэр 2000 сылга – 2000 үтүө дьыала” хамсааһын соруктара диэн ыйааҕа тахсыбыта 25 сылын туолла.","2025-02-11T12:45:33.619139Z"
51,"1","2025-02-20T12:55:56.541177Z",51,59.725,"Neutral","Урут хаста да ТХМ хонтуруолунай ыамнары оҥоро сылдьыбытыгар “приписка” бөҕө тахсан кэлбитин кэннэ тохтоппуттар дииллэр.","2025-02-20T12:55:56.541268Z"
52,"1","2025-02-20T12:56:35.148104Z",52,36.677,"Neutral","Биһиги, уус-уран литэрэтиирэбит сайдарыгар баҕалаах ааҕааччылар, бу түбэлтэҕэ ханна кырдьык, ханна сымыйа баарын өйдүөхтээхпит уонна кырдьык диэки тардыһыахтаахпыт.","2025-02-20T12:56:35.148184Z"
53,"1","2025-02-20T12:57:05.833523Z",53,29.732,"Neutral","6 Ол курдук, олохтоох бэйэни салайыныы уорганнарын кииннээһиҥҥэ, уокуруктар тэриллиилэрин механизмын туһунан, олохтоох бэйэни салайыныы боломуочуйатын туһунан, сири-уоту бас билии боппуруостарыгар уонна бюджет, налуок сокуонугар  туох уларыйыы киирэрин чопчуластым.","2025-02-20T12:57:05.833599Z"
54,"1","2025-02-20T12:57:22.709123Z",54,15.328,"Neutral","Үйэтин тухары сүөһү үлэтиттэн илиитин араарбатах ытык киһи т/х-тын билиҥҥи туругун туһунан санаатын истиэҕиҥ.","2025-02-20T12:57:22.709201Z"
55,"1","2025-02-20T12:57:57.922372Z",55,34.244,"Negative","Оттон үөр ыт сүрдээх кутталлаах.","2025-02-20T12:57:57.922453Z"
56,"1","2025-02-20T12:58:05.837472Z",56,6.54,"Neutral","Николай уонна Петр диэннэр.","2025-02-20T12:58:05.837565Z"
57,"1","2025-02-20T12:58:14.730160Z",57,7.061,"Neutral","Лиссиэнсийэни судаарыстыбаҕа биэрбиппит», – диир Александр РАЗУМОВ.","2025-02-20T12:58:14.730241Z"
58,"1","2025-02-20T12:58:22.587954Z",58,6.898,"Neutral","Маҥнай орто оскуола дириэктэрин солбуйааччытын кытта эгил-тэгил  испиппит.","2025-02-20T12:58:22.588035Z"
59,"1","2025-02-20T12:59:18.455255Z",59,54.196,"Negative","ЯТЭК ахтыллыбытынан, “тэрилтэ гаас үрдүгэр олорон, массыына уматыгынан куораты хааччыйбат буоллаҕына, Кыһыл Сыырга туох эрэ улахан саахал буолбутун кистииллэр дуу?","2025-02-20T12:59:18.455332Z"
60,"1","2025-02-20T12:59:31.762285Z",60,11.817,"Neutral","Саха тыа сиригэр үөскээбитэ.","2025-02-20T12:59:31.762374Z"
61,"1","2025-02-20T13:12:33.855036Z",61,780.119,"Negative","Оттон Александр пробирканы оҕону сатаан оҥорбот, үөскэппэт дьон туһаналлар диэн бастаан утаа утарсан көрөн баран, этиибин ылыммыта диир.","2025-02-20T13:12:33.855164Z"
62,"1","2025-02-20T13:12:44.100862Z",62,5.358,"Neutral","Онтон 2000 сыллаахха “Якутия” ФАПК сыһыарыллыбыппыт.","2025-02-20T13:12:44.100942Z"
63,"1","2025-02-20T13:13:10.857589Z",63,22.442,"Neutral","Бэстибээли тэрийээччи, СӨ Аччыгый академиятын креативнай индустрияҕа настаабынньыга Сергей Захлинюк Калининград уобалаһыгар Талааннаах оҕолору сайыннарар кииҥҥэ научнай-мэтэдьиичэскэй үлэҕэ дириэктэри солбуйааччы этэ.","2025-02-20T13:13:10.857741Z"
64,"1","2025-02-20T13:13:25.088403Z",64,12.479,"Neutral","Бастакытынан, былаас бары министиэристибэлэрэ, биэдэмистибэлэрэ, үлэ кэлэктииптэрэ уо.","2025-02-20T13:13:25.088481Z"
65,"1","2025-02-20T13:13:43.979920Z",65,16.643,"Neutral","Өрөспүүбүлүкэбитигэр “Саха сирэ 21-с үйэҕэ” диэн “Үтүө дьыала хамсааһын” үлэлээбитэ 25 сыл буолла. Бу сыллар тухары үгүс улууска, нэһилиэккэ бэйэ күүһүнэн социальнай эбийиэк бөҕөтө тутулунна.","2025-02-20T13:13:43.979999Z"
66,"1","2025-02-20T13:13:56.116471Z",66,10.73,"Neutral","Уһулуччу иһирэх сыһыан да буолбатар, биир уопсай ситимнээхтэр.","2025-02-20T13:13:56.116551Z"
67,"1","2025-02-20T13:14:08.013532Z",67,10.448,"Neutral","Сайын пропан оҥоһуута аҕыйыыр, тиийбэтин хаһаастан ылан сапыраапкаларга түҥэтэбит.","2025-02-20T13:14:08.013612Z"
68,"1","2025-02-20T13:14:16.228921Z",68,6.445,"Neutral","Оттон саамай элбэх үп, куорат бүддьүөтүн 70 бырыһыана оскуолаҕа барар.","2025-02-20T13:14:16.229008Z"
69,"1","2025-02-20T13:14:24.564704Z",69,6.891,"Neutral","Биткоин ахсаана эмиэ хааччахтаах – 21 мөл.","2025-02-20T13:14:24.564785Z"
70,"1","2025-02-20T13:14:58.492213Z",70,32.253,"Positive","Айылҕа тыыннааҕа хайа баҕарар омукка – дьоло.","2025-02-20T13:14:58.492306Z"
71,"1","2025-02-20T13:15:03.916984Z",71,4.155,"Neutral","а. син биир баар буолар.","2025-02-20T13:15:03.917063Z"
72,"1","2025-02-20T13:16:03.854685Z",72,58.821,"Negative","Мин дьокутааттар соруйан харчыны оҕо аһылыгар кэмчилииллэр диэбэппин, бүддьүөккэ, чахчы, харчы суох.","2025-02-20T13:16:03.854768Z"
73,"1","2025-02-20T13:16:22.991877Z",73,17.671,"Neutral","Чуолаан, СӨ Суруйааччыларын сойууһугар чилиэннэри ылыы аҕыйах сылтан бэттэх, устаап ирдэбилинэн буолбакка, аҕыйах киһи быһаарыытынан барар буолбута билиннэ.","2025-02-20T13:16:22.991957Z"
74,"1","2025-02-20T13:17:01.685875Z",74,37.144,"Neutral","Билэргит курдук, бу хамсааһыҥҥа оскуола оҕолоруттан кырдьаҕаһыгар тиийэ бары кытыннылар.","2025-02-20T13:17:01.685952Z"
75,"1","2025-02-20T13:17:12.990450Z",75,9.827,"Neutral","Төлөбүрэ: 25 куул хаппыыстаны толордоххо, 1 куулу ылаҕын.","2025-02-20T13:17:12.990529Z"
76,"1","2025-02-20T13:17:52.740200Z",76,38.321,"Neutral","Бииргэ төрөөбүт эдьиийим Валерия хореограф идэлээх, улахан быраатым Василий Сатаҕай кулуубугар оператор, аччыгый быраатым Долун куоракка Эстрада тыйаатырыгар үлэлиир.","2025-02-20T13:17:52.740278Z"
77,"1","2025-02-20T13:18:10.729689Z",77,16.876,"Neutral","Ким эрэ кырдьаҕас, эдэр буолбат буоллаҕа.","2025-02-20T13:18:10.729776Z"
78,"1","2025-02-20T13:18:43.936824Z",78,32.031,"Neutral","Билигин аан дойду барыта “парник эффегин” утары охсуһар.","2025-02-20T13:18:43.936912Z"
79,"1","2025-02-20T13:20:48.947712Z",79,123.735,"Positive","Нэһилиэктэргэ, улуус кииннэригэр, куораттарга “Үтүө дьыала” хамсааһына тигинэччи киирбитэ.","2025-02-20T13:20:48.948015Z"
80,"1","2025-02-20T13:21:17.648335Z",80,27.555,"Neutral","Түмүгэр мустубут дьон Ил Дархан Айсен Николаев итиэннэ өрөспүүбүлүкэ Үрдүкү суутун Бэрэссэдээтэлэ Любовь Летучих ааттарыгар аһаҕас сурук суруйарга быһаарыннылар.","2025-02-20T13:21:17.648420Z"
81,"1","2025-02-20T13:22:29.420868Z",81,69.992,"Negative","Баҕар, притоннар, “мамкалаах-папкалаах” сулууспаларга баара буолуо эрээри, мин оннугу билбэппин.","2025-02-20T13:22:29.420959Z"
82,"1","2025-02-20T13:24:02.839682Z",82,92.278,"Positive","Хайа да улууска биһиги курдук элбэх дьоруойдара суох.","2025-02-20T13:24:02.839761Z"
83,"1","2025-02-20T13:32:56.430231Z",83,531.735,"Negative","Мин биирдэ эмэ имэҥнээх түүллэри түһээччибин.","2025-02-20T13:32:56.430320Z"
84,"1","2025-02-20T13:33:12.611232Z",84,14.069,"Neutral","Арассыыйа олохтоохторо кыттыгас төрөппүтү, партнёру көрдүүллэригэр интэриниэти холбоон, “Ребёнку быть” порталга киирэн булар кыахтаахтара суруллар.","2025-02-20T13:33:12.611313Z"
85,"1","2025-02-20T13:33:24.407462Z",85,10.743,"Neutral","Эчи, куораттан да чугаһа, киһини угуйар, тардар.","2025-02-20T13:33:24.407546Z"
86,"1","2025-02-20T13:34:00.516554Z",86,34.773,"Neutral","Тэрилтэ үлэтин сыалын-соругун нэһилиэнньэҕэ тарҕатан, бу уурунуу уонна иэс ылар тэрилтэ эрэ буолбатаҕын, маны сэргэ нэһилиэнньэҕэ “финансовая грамотность” диэн өйдөбүлү тиэрдэр сыаллаахпытын тиэрдэр этим.","2025-02-20T13:34:00.516635Z"
87,"1","2025-02-20T13:35:03.656904Z",87,61.718,"Positive","Ыһыах төрүт сүнньэ – олоххо тардыһыы, ол туһугар үрдүкү Айыылартан көрдөһүү сиэрин-туомун тутуһуу.","2025-02-20T13:35:03.656985Z"
88,"1","2025-02-20T13:35:21.470711Z",88,16.588,"Neutral","Улахан уолбут 25 саастаах, хайыы үйэ үлэһит.","2025-02-20T13:35:21.470792Z"
89,"1","2025-02-20T13:35:35.109237Z",89,11.945,"Neutral","Онон, хайыахтарай, кэлии дьону үлэҕэ ылан, олохсутан үлэлэтэллэр.","2025-02-20T13:35:35.109317Z"
90,"1","2025-02-20T13:35:40.777647Z",90,4.141,"Neutral","Сууммата: 30 000–2 000 000 солк.","2025-02-20T13:35:40.777729Z"
91,"1","2025-02-20T13:36:04.750688Z",91,22.821,"Neutral","Холмогуор боруода ынахпыт ахсаана – 1067, онтон ынаҕа – 392, эдэр сүөһүтэ – 674, ол иһигэр 1 көлүүр оҕус.","2025-02-20T13:36:04.750767Z"
92,"1","2025-02-20T13:36:17.559378Z",92,11.071,"Positive","20 %-на дьиҥнээх тапталы күүтэрин билиммит.","2025-02-20T13:36:17.559456Z"
93,"1","2025-02-20T13:36:43.946144Z",93,24.412,"Neutral","Чөл олох киэҥник тарҕаныытын, дьон-сэргэ өйүгэр-санаатыгар олохсуйуутун хатылаабакка, оҕолорбутугар, ыччаппытыгар туох суолталааҕар тохтоон ааһыахпын баҕарабын.","2025-02-20T13:36:43.946257Z"
94,"1","2025-02-20T13:36:51.770734Z",94,5.889,"Negative","Онно, дьэ, “группа риска” ыарыылаахтары булаллар.","2025-02-20T13:36:51.772355Z"
95,"1","2025-02-20T13:37:12.404644Z",95,19.595,"Positive","Кыы­һым сытар хоһун хайысхатынан көрө-көрө, курдьугунаа да курдьугунаа буолла.","2025-02-20T13:37:12.404724Z"
96,"1","2025-02-20T13:37:29.264156Z",96,15.048,"Positive","Онон билигин улаатаммыт, сылгыбыт-сүөһүбүт элбээн, сыл устата 25–30 туонна ынах этин, 10–12 туонна убаһа этин “Анаабыр алмаастарыгар” туттарабыт.","2025-02-20T13:37:29.264236Z"
97,"1","2025-02-20T15:33:17.089267Z",97,28.016,"Negative","Ол курдук, улахан куораттарга дьахтар эрэллээх буолуутугар соччо наадыйбаттар эбит (18% эрэ сыаналыыбын диэбит), оҕону таптыахтаах диэн эмиэ эппэтэхтэр (17 %), ха­һаайыстабанньаҥын (12 %) да, буортулаах дьаллыктаа­ҕын-суоҕун да (12 %) сыаналаабат буолбуттар.","2025-02-20T15:33:17.089357Z"
98,"1","2025-02-20T15:33:49.572006Z",98,31.089,"Positive","Кинилэргэ бүтүн кэлэктиибинэн ыалдьарбыт, долгуйарбыт чуолкай.","2025-02-20T15:33:49.572091Z"
99,"1","2025-02-20T15:34:25.022686Z",99,33.599,"Neutral","Оччолорго бырамыысыланнас диэн биһигиттэн букатын ыраах эйгэ курдук буолара.","2025-02-20T15:34:25.022764Z"
100,"1","2025-02-20T15:34:36.213056Z",100,9.555,"Negative","Иккиэн куттанан, бука, сэрэйдэххэ, өллүбүт дии санаан күүскэ куустуһан олорбуттар.","2025-02-20T15:34:36.213144Z"
101,"1","2025-02-20T15:35:12.437929Z",101,34.939,"Positive","Ыраах Греция арыытыгар, муора биэрэгэр оҕолорун кытта оһуокайдаан эйээрбитин, саха тойугунан грек омуктары сөхтөрбүтүн ансаамбыл оҕолоро бары да киэн тутта истибиттэрэ.","2025-02-20T15:35:12.438011Z"
102,"1","2025-02-27T10:14:35.843731Z",102,17.314,"Positive","Ити өттүгэр этэр буоллахха, Ил Дархаммыт Айсен Сергеевич ыҥыырыытыгар: “Үтүө хамсааһыҥҥа көрүллүбүт олохтоох харчы нэһилиэккэ дьон-сэргэ эбии дохуоттанарыгар хаалыахтаах”, – диэн турар.","2025-02-27T10:14:35.843855Z"
103,"1","2025-02-27T10:14:50.771041Z",103,12.629,"Positive","Айар үлэбин 2018 сылтан убайым Новиков Петр Иннокентьевич-Дьүкээбил сүбэтинэн  саҕалаабытым.","2025-02-27T10:14:50.771305Z"
104,"1","2025-02-27T10:16:20.056293Z",104,87.189,"Positive","Ити “Платформа” диэн айар бөлөххө түмсүбүт симиэнэ выпускниктара Бороҕон улууһун кулубата Алексей Аржаков (Сэһэн Ардьакыап) туһунан историческай киинэ-дырааманы устубуттара. Бу – киһи төһө саастааҕыттан иҥнибэккэ, кимиэхэ баҕарар, чахчы, наадалааҕын туоһута”, – диир Сергей Захлинюк.","2025-02-27T10:16:20.056440Z"
105,"1","2025-02-27T10:16:51.041780Z",105,25.233,"Negative","а сыаната үрдүү турара тохтообот.","2025-02-27T10:16:51.041881Z"
106,"1","2025-02-27T10:17:26.496023Z",106,30.673,"Neutral","Ол туһугар МКД-лар кэлэктиибинэй (бүтүн дьиэни ааҕар-учуоттуур, салгыы – ОДПУ), ону тэҥэ кыбартыыра иһигэр ресурсалары учуоттуур тэрилинэн (салгыы – ИПУ) хааччыллыбыт буолуохтаахтар.","2025-02-27T10:17:26.496101Z"
107,"1","2025-02-27T10:17:47.280299Z",107,15.918,"Neutral","Ордук улахан куораттарга оннук сыһыан баһыйар.","2025-02-27T10:17:47.280380Z"
108,"1","2025-02-27T10:18:17.188596Z",108,25.189,"Negative","Эбэтэр тапталлара сойо охсубута дуу?","2025-02-27T10:18:17.188677Z"
109,"1","2025-02-27T10:18:34.512772Z",109,11.041,"Negative","СанПинынан ону “киитэрэйдээн”, биир оҕоҕо хас эрэ квадратнай миэтэрэ тиийэр диэн хаттаан көрөн, уларытан аахпыттара.","2025-02-27T10:18:34.512855Z"
110,"1","2025-02-27T10:18:58.041131Z",110,18.836,"Positive","Кыыстара Лия Дмитриева, Санкт-Петербурдааҕы физкультурнай академияны бүтэрэн, ХИФУ физкультура уонна спорт институтун преподавателэ, иккис кыыс Юлия Дмитриева, Илин Сибиирдээҕи культура институтун бүтэрэн, Бүлүүгэ үҥкүү студиятын салайааччытынан ситиһиилээхтик үлэлии сылдьаллар.","2025-02-27T10:18:58.041262Z"
111,"1","2025-02-27T10:19:43.344700Z",111,40.034,"Neutral","2009 с. тахсыбыт ФЗ 261-с №-дээх Федеральнай сокуоҥҥа олоҕуран, туһаныллар энэргиэтикэ ресурсаларын ороскуотун анал тэриллэри туһанан учуоттуур, ааҕар-суоттуур булгуччу ирдэнэр.","2025-02-27T10:19:43.344776Z"
112,"1","2025-02-27T10:20:28.910068Z",112,40.382,"Negative","бүддьүөт үбэ  сыл аайы кэриэтэ сойботулла олорбут курдук буолбатах дуо?","2025-02-27T10:20:28.910149Z"
113,"1","2025-02-27T10:20:50.259537Z",113,16.953,"Positive","Ол онтон оҕолор, төрөппүттэр эрэ буолбакка, Бүлүү барыта киэн туттубута, уруйдаабыта-айхаллаабыта.","2025-02-27T10:20:50.259797Z"
114,"1","2025-02-27T10:21:37.559969Z",114,43.087,"Neutral","Сүрүнэ – биһиги бу балаһыанньаҕа тугу гыныахтаахпытый, хайдах дьаһанаыахтаахпытый диэн үчүгэйдик толкуйдаан сыыйа киирэн иһиэхпит.","2025-02-27T10:21:37.560049Z"
115,"1","2025-02-27T10:22:09.461457Z",115,27.236,"Neutral","Оттон архыыптаммыт блок туһунан информация кыра-кыралаан криптовалютанан дьарыктанар аан дойду дьонун көмпүүтэрдэригэр барыларыгар хараллар.","2025-02-27T10:22:09.461663Z"
116,"1","2025-02-27T10:22:42.580936Z",116,28.178,"Negative","Онон, крипто-харчы киһи атыылаһаат да, байар суола буолбатах.","2025-02-27T10:22:42.581012Z"
117,"1","2025-02-27T10:23:10.083566Z",117,24.14,"Negative","Эс, ама, оннук буоллаҕай?","2025-02-27T10:23:10.083699Z"
118,"1","2025-02-27T10:23:29.690643Z",118,12.355,"Neutral","Итини таһынан, крипто-үп актыып, баай-дуол буоларынан, киһи бэйэтэ нолуок уорганнарыгар декларация оҥорон туттарыахтаах уонна барыһыттан 13% нолуок төлүөхтээх.","2025-02-27T10:23:29.690762Z"
119,"1","2025-02-27T10:23:59.283203Z",119,25.007,"Neutral","Дьон ырыаны хайдах толороллорун көрөбүн, сүбэ-ама биэрэбин.","2025-02-27T10:23:59.283381Z"
120,"1","2025-02-27T10:24:12.623639Z",120,4.464,"Positive","Убайа киниэхэ куруук холобур.","2025-02-27T10:24:12.623719Z"
121,"1","2025-02-27T10:24:22.126843Z",121,5.646,"Neutral","Төһө элбэх сайабылыанньа киирдэ?","2025-02-27T10:24:22.126936Z"
123,"1","2025-02-27T10:25:34.242402Z",123,51.548,"Positive","Бириэмэ аастаҕын аайы киһи  барыта доҕор-атас, билбит-көрбүт буолар, дьиҥ кырдьыгы көрдөрүүгэ токурутуу тахсар.","2025-02-27T10:25:34.242481Z"
124,"1","2025-02-27T10:25:48.122519Z",124,9.986,"Positive","Онон быйыл кыттыбыппыттан олус үөрдүм, төһөтүн да иһин эһиил оскуоланы бүтэрээри сырыттаҕым.","2025-02-27T10:25:48.122620Z"
125,"1","2025-02-27T10:26:03.647466Z",125,9.862,"Neutral","Баба-яга” кыһыҥҥы уонна сайыҥҥы диэн көтөр бириэмэлээх.","2025-02-27T10:26:03.647549Z"
126,"1","2025-02-27T10:26:27.163914Z",126,17.543,"Neutral","Тоҕо диэтэххэ, бу реформа биир сүрүнэ диэн күн бүгүн Россия үрдүнэн олохтоох бэйэни салайыныы уорганнара дьиҥнээхтик боломуочуйаларын толороллоругар үптэрэ-харчылара тиийбэтин быһаарыы буолуохтаах.","2025-02-27T10:26:27.164049Z"
127,"1","2025-02-27T10:26:38.287578Z",127,7.03,"Positive","Ас-үөл да элбиэ этэ.","2025-02-27T10:26:38.287657Z"
128,"1","2025-02-27T10:27:09.679331Z",128,26.826,"Negative","Инвест-бырагыраамаҕа сыһыардахха олох уустук.","2025-02-27T10:27:09.679453Z"
129,"1","2025-02-27T10:28:00.392058Z",129,45.618,"Negative","Биһиги нэһилиэк ону бу 15 кэнники сылга дакаастаатыбыт диэхпин сөп, арбаныы курдук ылынымаҥ.","2025-02-27T10:28:00.392139Z"
130,"1","2025-02-27T10:28:25.387971Z",130,17.979,"Negative","Онон мас-от тиэйэр уолаттар эрэйдэнэллэр.","2025-02-27T10:28:25.388053Z"
131,"1","2025-02-27T10:28:39.781998Z",131,8.745,"Neutral","Онтон күһүн “балаҕан ыйын 6 күнүгэр Москубаҕа М.","2025-02-27T10:28:39.782084Z"
132,"1","2025-02-27T10:28:58.307224Z",132,12.852,"Neutral","Ол гынан баран, иккиэн дизайнынан дьарыктанабыт.","2025-02-27T10:28:58.317761Z"
133,"1","2025-02-27T10:29:17.392412Z",133,13.799,"Positive","Хайа да омук кэлэр кэскилин, кэнчээри ыччаты иитиигэ үйэлэр тухары муспут муудараһын эдэр көлүөнэҕэ тиэрдэр үгэстээх.","2025-02-27T10:29:17.392514Z"
134,"1","2025-02-27T10:29:53.387693Z",134,30.751,"Positive","П. Ефимов Омооччута тапталлааҕар бэйэтин да толук уурарга бэлэм, кини Ньургустаанатыгар этэр-тыынар: ""Миигин ыл, бу эйигин кууһан сытар сүрэхтиин баарбын эн баҕаҥ туолуутугар.","2025-02-27T10:29:53.387774Z"
135,"1","2025-02-27T10:30:25.790239Z",135,27.711,"Positive","Бүддьүөтү сатаан торумнааһын, харчыны уурунуу уонна кыаҕы сөпкө туһаныы – үп-харчы өттүнэн туруктаах уонна кэнэҕэскитин байылыат олохтоох буолуу төрдө.","2025-02-27T10:30:25.790325Z"
136,"1","2025-02-27T10:30:54.640678Z",136,21.418,"Negative","киһи олорор кыамталаах, уулуссалара биһиэнин курдук кыараҕас.","2025-02-27T10:30:54.640760Z"
137,"1","2025-02-27T10:31:10.123372Z",137,9.286,"Positive","Ансаамбыл коллектива улаатан, сылдьар ыыра кэҥээн, толорор маастарыстыбата үрдээн барбыта.","2025-02-27T10:31:10.123456Z"
138,"1","2025-02-27T10:31:21.492029Z",138,7.704,"Neutral","Галина кини католик аата, тоҕо православнай кириэһи ылбытын ыйыппыта.","2025-02-27T10:31:21.492109Z"
139,"1","2025-02-27T10:32:16.014761Z",139,50.228,"Positive","диэн санааттан Таатта лиссиэйин 4-с кылааһын туйгун үөрэнээччитэ Валерия Румянцевалыын ирэ-хоро кэпсэттим.","2025-02-27T10:32:16.014845Z"
140,"1","2025-02-27T10:32:57.075910Z",140,37.673,"Positive","Бу эбэ урут син собо, сордоҥ, күстэх киирэн тахсар сирэ этэ.","2025-02-27T10:32:57.075990Z"
141,"1","2025-02-27T10:33:45.014388Z",141,42.573,"Negative","Олору сырсыы ухханыгар сылдьан баран, 40-с саастарыгар үктэнэн баран өйдөөбүттэрэ, кинилэри сүҥ­кэннээх кыһалҕа булбут: олох аргыһа буолуохтааҕы көрдүүргэ бириэмэлэрэ тиийбэт, эбэтэр анараа, эт-хаан өттүнэн ыкса сыһыаннаах партнердара оҕо диэтэххэ, ойон туран куотар балаһыанньалаах, оҕону ыйааһын, чэҥкээйи эрэ быһыытынан көрөрүн өйдүүллэр.","2025-02-27T10:33:45.014470Z"
142,"1","2025-02-27T10:34:21.350237Z",142,31.577,"Positive","дьиэтин, ол аата 20–30 дэриэбинэни, холкутук гаастыахха сөп” диэн суруйбут.","2025-02-27T10:34:21.350640Z"
143,"1","2025-02-27T10:34:45.101811Z",143,19.117,"Positive","Испэктээк биир сүрүн уратыта – манна классика истиилигэр майгынныыр опера баартыйалара саха төрүт үстүрүмүөннэрин тыаһын-ууһун уонна сахалыы кылыһахтаах ырыаны-тойугу кытта дьүөрэлэһэллэр, биир тэтимҥэ киирэллэр.","2025-02-27T10:34:45.101892Z"
144,"1","2025-02-27T10:35:02.038076Z",144,9.887,"Positive","Наталья Сергеева-Аана Кыыhа, Чурапчы литэрэтииринэй түмсүүтүн чилиэнэ, СӨ Үөрэҕириитин туйгуна.","2025-02-27T10:35:02.038156Z"
145,"1","2025-02-27T10:36:15.330415Z",145,67.052,"Neutral","Өссө биир анала – кыһыҥҥы хаһылыкка, хаары алдьатан сири тоҥорор.","2025-02-27T10:36:15.330499Z"
146,"1","2025-02-27T10:37:27.585024Z",146,67.459,"Negative","М. Белоноговы былыргы үгэһинэн хоолдьуга атын бэйэтин кытта иинигэр көмпүттэр диэн сураҕы соторутааҕыта кэпсээн соһуппута.","2025-02-27T10:37:27.585108Z"
147,"1","2025-02-27T10:37:35.813667Z",147,4.215,"Neutral","Холобур, соторутааҕыта АЛРОСА хампаанньа М.","2025-02-27T10:37:35.813749Z"
148,"1","2025-02-27T10:37:49.649441Z",148,7.795,"Negative","Атыны албынныыр кыаҕа суох.","2025-02-27T10:37:49.649520Z"
149,"1","2025-02-27T10:38:28.413856Z",149,33.257,"Negative","СӨ мас сыаната 2020 сылтан – хамсыгынан, онтон анал байыаннай дьайыынан сибээстээн, үрдүү илик.","2025-02-27T10:38:28.413933Z"
150,"1","2025-02-27T10:38:45.693342Z",150,13.11,"Negative","Хайыахпыный, дьону таһырдьа бырахпат буоллаҕым дии.","2025-02-27T10:38:45.693423Z"
151,"1","2025-02-27T10:40:11.867705Z",151,81.895,"Positive","Онон эйэ дэмнээхтик тарҕаһабыт”, – диэбит.","2025-02-27T10:40:11.867955Z"
152,"1","2025-02-27T10:41:12.357544Z",152,53.074,"Negative","Итини толкуйдаабытым ыраатта да, менталитеппыт атын дуу, чиэһинэйбит дуу – кыаллыбат.","2025-02-27T10:41:12.357742Z"
153,"1","2025-02-27T10:41:43.483765Z",153,26.663,"Negative","Үтүө салайааччыны дьоно-сэргэтэ умнубат – Уустук диэххэ сөп.","2025-02-27T10:41:43.483845Z"
154,"1","2025-02-27T10:41:57.891680Z",154,8.616,"Neutral","1995 -2011 сс. Үөһээ Бүлүү ТХУ-тун начаалынньыга, Балаҕаннаах нэһилиэгин баһылыга.","2025-02-27T10:41:57.891761Z"
155,"1","2025-02-27T10:42:29.206105Z",155,26.939,"Positive","Роман Михайлович Коркин, Преображенскай, Барба курдук улуу тириэньэрдэргэ хатарыллан тахсан баран, маҥнайгы тириэньэрин инники күөҥҥэ тута сылдьыбыта.","2025-02-27T10:42:29.206189Z"
156,"1","2025-02-27T10:42:59.317548Z",156,27.131,"Neutral","Чэ, тириэньэр өйдөнөр, оттон “үрүҥ дьиэҕэ” тоҕо бараҕын?","2025-02-27T10:42:59.317626Z"
157,"1","2025-02-27T10:43:43.662056Z",157,38.955,"Negative","Урут олохтоохтор мас кэрдэллэригэр ойуур билиэтэ бэриллэр буоллаҕына, 2006 сылтан бэттэх ол тохтотуллубута, билигин маһы атыылаһыы туһунан дуогабар түһэрсиллэрэ ирдэнэр.","2025-02-27T10:43:43.662136Z"
158,"1","2025-02-27T10:44:27.629142Z",158,38.602,"Neutral","Аһылыгын 80%-на – талах уонна араас сэппэрээк.","2025-02-27T10:44:27.629227Z"
159,"1","2025-02-27T10:44:44.685390Z",159,14.074,"Neutral","Ытан суулларбатыннар диэн, аллараа өттүн тимир куйахтыыр буолбуттар.","2025-02-27T10:44:44.685474Z"
160,"1","2025-02-27T10:45:08.289097Z",160,16.449,"Neutral","Табылыннаҕына, күһүн Бииктэр аны миэхэ кэлэн ыалдьыттыахтаах.","2025-02-27T10:45:08.289183Z"
161,"1","2025-02-27T10:45:21.120508Z",161,10.018,"Positive","АЛРОСА хампаанньа үчүгэй үөрэхтээх, ситиһиилэрдээх устудьуоннардыын кинилэргэ истипиэндьийэни аныыр туһунан дуогабардары эмиэ түһэрсэр.","2025-02-27T10:45:21.120584Z"
162,"1","2025-02-27T10:45:32.313135Z",162,6.9,"Neutral","Аан дойдуга бастаан иһэллэр.","2025-02-27T10:45:32.313214Z"
163,"1","2025-02-27T10:46:03.944901Z",163,27.535,"Neutral","Бүгүн биһиги криптовалютанан 2018 с. анаан дьарыктанар эспиэр, дьону-сэргэни үөрэтэр уонна сырдатар Антон Ивановтуун кэпсэтэбит.","2025-02-27T10:46:03.944977Z"
164,"1","2025-02-27T10:46:44.756978Z",164,36.359,"Neutral","Ол кэнниттэн билигин болдьоҕун икки төгүл уһаппыттарыгар хаттаан этиилэрбитин киллэрэн олоробут.","2025-02-27T10:46:44.757058Z"
165,"1","2025-02-27T10:47:03.186740Z",165,14.706,"Neutral","Холобура, ипэтиэкэ, кыбартыыра төлөбүрүн хойутаппакка төлүүбүт дии, ол курдук буолуохтаах.","2025-02-27T10:47:03.186829Z"
166,"1","2025-02-27T10:47:13.753313Z",166,6.044,"Neutral","Миэхэ эр дьон сынньана кэлэллэр.","2025-02-27T10:47:13.753395Z"
167,"1","2025-02-27T10:47:26.785131Z",167,8.628,"Neutral","Биһиги даҕаны “эн эмиэ кэлээр” диэн арахсыбыппыт.","2025-02-27T10:47:26.785214Z"
168,"1","2025-02-27T10:47:35.814849Z",168,4.448,"Positive","Мин кинилэргэ олус махтанабын.","2025-02-27T10:47:35.814929Z"
169,"1","2025-02-27T10:48:17.552624Z",169,37.812,"Negative","Ким да билбэтэх саҥа административнай эдьинииссэни киллэрии дьон санаатын соруйан булкуйууга майгынныыр.","2025-02-27T10:48:17.552707Z"
170,"1","2025-02-27T10:48:31.803421Z",170,10.829,"Positive","Тус бэйэм төрөөбүт дойдубар үлэлиир буоламмыт, сиргэ-уокка ытыктабыллаахтык, харыстабыллаахтык сыһыаннаһабын, олус таптыыбын.","2025-02-27T10:48:31.803772Z"
171,"1","2025-02-27T10:48:45.268906Z",171,7.875,"Neutral","Икки көстөөх сиртэн от тиэйии өҥөтө – 4–5 тыһ.","2025-02-27T10:48:45.268987Z"
172,"1","2025-02-27T10:48:59.984158Z",172,10.772,"Negative","Арай тэрилтэ сабыллан хааллын, төһөлөөх киһи үлэтэ суох хаалыай?","2025-02-27T10:48:59.984271Z"
173,"1","2025-02-27T10:49:46.870980Z",173,39.998,"Neutral","Биир саба тутуунан кинилэри барыларын саптаххына эрэ биткоин “сууллан” түһэр, сабыллар кыахтаах.","2025-02-27T10:49:46.871061Z"
174,"1","2025-02-27T10:49:59.181038Z",174,7.8,"Negative","Ол быыһыгар оҕо ытыыр, ыһыллаҕас дьиэ.","2025-02-27T10:49:59.181117Z"
175,"1","2025-02-27T10:50:09.857752Z",175,7.375,"Neutral","Бүгүн ким ханна барбытын, түүн ким ханна киирэрин эҥин кэпсэтэбит.","2025-02-27T10:50:09.857837Z"
176,"1","2025-02-27T10:50:47.089416Z",176,32.791,"Positive","Уон күн иһигэр – идиэйэттэн премьераҕа диэри – өрөспүүбүлүкэ араас улууһуттан 68 үөрэнээччи киинэ ускуустубатын умсулҕаннаах эйгэтигэр кытынна.","2025-02-27T10:50:47.089629Z"
177,"1","2025-02-27T10:51:11.412971Z",177,20.285,"Neutral","Бастакы кинигэбэр - ""Маршаллаах уола"" диэн  ахтыыбар  суруйааччы Кындыл Маҥан (Аммосов Афанасий)   ""Симэхтээх сэлэ""  диэн ааты иҥэрбитэ киирбитэ.","2025-02-27T10:51:11.413055Z"
178,"1","2025-02-27T10:51:25.321449Z",178,9.523,"Neutral","Билигин дьиэ кэргэн бүддьүөтүн суоттанабыт-учуоттанабыт.","2025-02-27T10:51:25.321625Z"
179,"1","2025-02-27T10:51:36.829607Z",179,7.38,"Neutral","ынах барыта төрөөбүт, 1 ньирэй зоотехническай нуорма муҥутуурунан эмэн, 300 л үүтү испит диэтэххэ, 22,5 тыһ.","2025-02-27T10:51:36.829695Z"
180,"1","2025-02-27T10:51:54.578024Z",180,14.007,"Negative","Биһиги хаһаайыстыба киин улуустары кытта тэҥнэһэр кыахпыт суох.","2025-02-27T10:51:54.578103Z"
181,"1","2025-02-27T10:52:34.532333Z",181,35.665,"Negative","Сопхуос дириэктэрдэриттэн «ким да сопхуоһу хаалларыаҕыҥ” диэн эппэтэ.","2025-02-27T10:52:34.532413Z"
182,"1","2025-02-27T10:53:19.624714Z",182,40.492,"Neutral","Оччоҕуна нолуога барыстан быһаччы тутуллар булгуччулаах буолуон сөп.","2025-02-27T10:53:19.624866Z"
183,"1","2025-02-27T10:54:03.857542Z",183,39.551,"Positive","Оттон биһиги кэнники кэмҥэ саха култууратыгар хайдах курдук сүҥкэн уларыйыы бара турарын көрө сылдьабыт.","2025-02-27T10:54:03.857632Z"
184,"1","2025-02-27T10:54:17.585877Z",184,8.985,"Neutral","Ону хочуолбун отторго туттабын.","2025-02-27T10:54:17.585955Z"
185,"1","2025-02-27T10:54:50.489798Z",185,28.938,"Negative","диэн сибиги­нэһэллэрин истэн, ыар баттык санааҕа ылларан утуйбутум.","2025-02-27T10:54:50.489879Z"
186,"1","2025-02-27T10:54:58.762187Z",186,4.716,"Neutral","150-ча массыына, 100-кэ трактор баар.","2025-02-27T10:54:58.762340Z"
187,"1","2025-02-27T10:55:16.214057Z",187,12.63,"Positive","Нэһилиэктэргэ аныгы көстүүлээх кулууптар, успуорт саалалара, саҥа оскуолалар тутуллан син сайдыы хаамыытынан тэҥҥэ барсан иһэбит.","2025-02-27T10:55:16.214144Z"
188,"1","2025-02-27T10:55:57.088422Z",188,37.166,"Neutral","Хайатыҥы үрдэл сир (ону яр дииллэр быһыылаах) икки ардынааҕы хойуу талахтаах-мастаах аппаҕа үс киһини (ол иһигэр миигин) хаалларан баран, Павел Семенович биир уолу кытта ыттарын батыһыннаран үүрэ барда.","2025-02-27T10:55:57.088499Z"
189,"1","2025-02-27T10:56:45.857976Z",189,11.885,"Neutral","Үөһэ Халыма Зырянкатыгар Култуура-успуорт холбоһуга тутуллубута.","2025-02-27T10:56:45.858057Z"
190,"1","2025-02-27T10:56:53.659531Z",190,3.629,"Neutral","Оннук гымматтар, онон чааһынайтан 10 солк.","2025-02-27T10:56:53.659610Z"
191,"1","2025-02-27T10:57:03.301493Z",191,6.086,"Neutral","Холобур, сибиинньэ аһын (горуох) ыһан аһатаҕын.","2025-02-27T10:57:03.301576Z"
192,"1","2025-02-27T10:57:35.844439Z",192,28.656,"Positive","Ойуунускай уулуссатын тупсаран оҥорон бырайыагы инньэ гыммыттара.","2025-02-27T10:57:35.844897Z"
193,"1","2025-02-27T10:57:59.523617Z",193,19.124,"Neutral","Ону таһынан, инвестиция уонна криптовалюта тиэмэтинэн угаайыга киллэрбиттэр.","2025-02-27T10:57:59.523708Z"
194,"1","2025-02-27T10:58:31.875431Z",194,29.307,"Negative","Ол быыһыгар дьиэ кэргэн өйдөбүлэ эмиэ биллибэтинэн суураллан иһэр.","2025-02-27T10:58:31.875515Z"
195,"1","2025-02-27T10:59:08.340437Z",195,33.625,"Negative","Ки­һим чочумча саҥата суох туран баран: “Дьиҥэр, барыта үчүгэй баҕайы, бэйэҥ олус кыра­сыабай эбиккин эрээри, мин эйигин кытта таптаһыахпын баҕарбаппын.","2025-02-27T10:59:08.340517Z"
196,"1","2025-02-27T10:59:17.837882Z",196,4.819,"Neutral","Быйыл үс суорт хортуоппуйу олордубуппут.","2025-02-27T10:59:17.837960Z"
197,"1","2025-02-27T10:59:46.308030Z",197,24.095,"Neutral","биткоин барыта биирдэ буолбакка, өлүүлээн тахсар.","2025-02-27T10:59:46.308222Z"
198,"1","2025-02-27T10:59:57.193985Z",198,7.747,"Positive","Билигин бочуоттаах сынньалаҥҥа олорор.","2025-02-27T10:59:57.194068Z"
199,"1","2025-02-27T11:00:15.188815Z",199,14.561,"Neutral","СонуннарОлох-дьаһахХолкуостар “мини-роддомнара” Ааспыт үйэ 30-с сылларыгар Сэбиэскэй Сойууска оҕо төрөөһүнүн үрдэтэргэ араас миэрэни ылаллара.","2025-02-27T11:00:15.188894Z"
200,"1","2025-02-27T11:00:31.522474Z",200,12.693,"Negative","Биэрдэхтэринэ даҕаны, кинилэр сайаапкаларын хаачыстыбата быстар мөлтөх, ситэтэ суох буолар.","2025-02-27T11:00:31.522554Z"
201,"1","2025-02-28T09:04:57.642323Z",201,170.671,"Neutral","Ол судаарыстыбаларга биткоин дойду валютатын сэргэ туттуллар кыахтаах.","2025-02-28T09:04:57.642415Z"
202,"1","2025-02-28T09:05:14.685353Z",202,14.182,"Neutral","Өрөбүлгэ дьиэ-уот сууйан, эдьиийин кыра уолун оҕолоон, били кумааҕытын туһунан олоччу умнубута.","2025-02-28T09:05:14.685433Z"
203,"1","2025-02-28T09:05:58.866532Z",203,42.128,"Positive","Дохуота элбэх буоларыгар хас биирдии киһи дьулуһуохтаах.","2025-02-28T09:05:58.866613Z"
204,"1","2025-02-28T09:06:20.269238Z",204,19.012,"Positive","Мин эдьиийбин кытта дьиэ кэргэммитигэр геология идэтин талбыт бастакы хараҥаччылар буолабыт.","2025-02-28T09:06:20.269386Z"
205,"1","2025-02-28T09:06:40.158935Z",205,17.622,"Neutral","Кэнники ыйдарга турниктарга, ол иннинэ    скалодромҥа дьарыктаммытым.","2025-02-28T09:06:40.159040Z"
206,"1","2025-02-28T09:09:38.205807Z",206,174.918,"Neutral","Чэ, ол эрээри Киэсэ бу хоту дойдуга кэлбитин төрүт кэмсиммэт.","2025-02-28T09:09:38.206487Z"
207,"1","2025-02-28T09:26:42.119275Z",207,1019.557,"Neutral","Оннук үйэҕэ дьахтар уонна эр киһи сы­һыан­на­һыылара добуочча атын көрүҥнэнэр.","2025-02-28T09:26:42.119410Z"
208,"1","2025-02-28T09:27:51.565456Z",208,67.065,"Negative","Сылы-сыллаан ол дьон туһугар үлэлииргэ күһэллэллэр.","2025-02-28T09:27:51.565537Z"
209,"1","2025-02-28T09:28:56.427007Z",209,63.468,"Neutral","Оҕо сырыттахпына кини уоппускатыгар дьиэтигэр кэллэҕинэ, үлэтин туһунан биһиэхэ мэлдьи кэпсиирэ.","2025-02-28T09:28:56.427084Z"
210,"1","2025-02-28T09:29:46.054897Z",210,47.669,"Neutral","Билигин, сааһырбыт киһиэхэ бу аатым барсара дуу, суоҕа дуу диэн арыт толкуйдаан ылабын.","2025-02-28T09:29:46.054973Z"
211,"1","2025-02-28T09:30:47.747903Z",211,60.003,"Positive","Бэйэҥ ырыаҕын ыллаатаххына, ааккын-суолгун бигэтик оҥостуохха сөп.","2025-02-28T09:30:47.747983Z"
212,"1","2025-02-28T09:32:50.453833Z",212,120.975,"Negative","Салгыы устаап быһыытынан сийиэс хайдах ыҥырыллыахтааҕын, ону иилиир-саҕалыыр хамыыһыйа тоҕо тэриллиэхтээҕин быһаарбытын саалаҕа олорооччулар ыараханнык ылыннылар.","2025-02-28T09:32:50.453910Z"
213,"1","2025-02-28T09:33:52.220877Z",213,59.811,"Neutral","Онно бэрт аҕыйах киһи киирэр көҥүллээх.","2025-02-28T09:33:52.220955Z"
214,"1","2025-02-28T09:34:45.507921Z",214,52.137,"Positive","Дьэ, оччоҕуна эрэ оҕо уоскуйан, уруокка интэриэһин ууран, 15 мүнүүтэ үөрэниэн сөп.","2025-02-28T09:34:45.507999Z"
215,"1","2025-02-28T09:36:48.668057Z",215,121.457,"Neutral","Константин оҕо эрдэҕиттэн биир умсугуйар дьарыктааҕа – массыына уонна тиэхиньикэ.","2025-02-28T09:36:48.668134Z"
216,"1","2025-02-28T09:37:59.863640Z",216,69.712,"Negative","маастар былаанынан сөп буолар социальнай эбийиэктэр тутуллуохтара дииллэр да, 2032 сылга диэри сүрүннээн олорор дьиэ тутуутугар ити харчы кутуллуо диэн дьиксинэбин.","2025-02-28T09:37:59.863733Z"
217,"1","2025-02-28T09:38:35.683971Z",217,33.582,"Negative","Кириитикэһиттэр аһаҕастык эппэтэллэр да, Ил Дарханы “кирэ”, “эриэйтинин” түһэрэ сатыыллара көстөр.","2025-02-28T09:38:35.684266Z"
218,"1","2025-02-28T09:38:50.672141Z",218,13.407,"Negative","Биир күн үрдүбэр саба түһэн, ыһыы-хаһыы бөҕө буолбутум.","2025-02-28T09:38:50.672342Z"
219,"1","2025-02-28T09:38:59.400347Z",219,7.273,"Neutral","Кини аахта “Таҥара баар дуу, суох дуу?","2025-02-28T09:38:59.400425Z"
220,"1","2025-02-28T09:39:29.094048Z",220,28.312,"Neutral","Эмиэ биир сиргэ эргийбитинэн-кулахачыйбытынан бардылар.","2025-02-28T09:39:29.094204Z"
221,"1","2025-02-28T09:48:37.172218Z",221,539.37,"Positive","АЛРОСА хампаанньа үбүн суотугар Дьокуускайга баар успуорт эбийиэктэрэ уонна куорат туоналара тупсарыллаллар, Оонньуулар иһитиннэрэр-тэхиниичэскэй өттүнэн хааччыллаллар.","2025-02-28T09:48:37.172341Z"
222,"1","2025-02-28T09:48:49.636690Z",222,7.933,"Neutral","Таҥара киһини оҥорботоҕо – киһи таҥараны оҥорбута.","2025-02-28T09:48:49.636768Z"
223,"1","2025-02-28T09:48:55.136505Z",223,3.366,"Neutral","диэн кэпсиир Евдокия Бандерова.","2025-02-28T09:48:55.136586Z"
224,"1","2025-02-28T09:49:27.447108Z",224,28.516,"Positive","Кыыстарын сыанатыгар улахан суолта уураллара.","2025-02-28T09:49:27.447183Z"
225,"1","2025-02-28T09:51:19.559382Z",225,108.483,"Neutral","Биллэн турар, бэлэм харда, хоруй суох, тоҕо диэтэххэ, соцреализм бэрэстэбиитэлэ буолбатахтар.","2025-02-28T09:51:19.559458Z"
226,"1","2025-02-28T09:53:43.088605Z",226,142.042,"Neutral","2014 сылтан ""Хоһоон хонуута"" диэн өрөспүүбүлүкэтээҕи айар куттаахтар мустар түөлбэлэрин, түмсүүлэрин тэрийэн кэллим.","2025-02-28T09:53:43.088684Z"
227,"1","2025-02-28T09:53:50.927308Z",227,6.177,"Neutral","Билиҥҥэ диэри отчуоту, докумуону билбэппит.","2025-02-28T09:53:50.927393Z"
228,"1","2025-02-28T09:54:53.795088Z",228,61.115,"Negative","Ону сокуон сыыһа оҥоһуллан, “арыандаласпыт дьон эрэ барыһыраллар, уопсай хааһынаҕа харчы аанньа киирбэт” диэн сопхуостар тохтотон кэбиспиттэрэ.","2025-02-28T09:54:53.795168Z"
229,"1","2025-02-28T09:55:08.590542Z",229,13.527,"Neutral","Бэйэм АГАТУ-га технолог идэтигэр кэтэхтэн 1-кы кууруһу бүтэрдим.","2025-02-28T09:55:08.590631Z"
230,"1","2025-02-28T09:55:57.601226Z",230,47.63,"Neutral","Маарыннаһар өрүттэрэ: хоолдьуга кэрэхтэр бары илин, хотугулуу-илин, соҕуруулуу-илин көрөн тураллар.","2025-02-28T09:55:57.601305Z"
231,"1","2025-02-28T09:56:22.870602Z",231,23.678,"Positive","Саамай ытыктыыр, күөн туттар киһибит – Полина Победа буолар.","2025-02-28T09:56:22.870691Z"
232,"1","2025-02-28T09:56:59.465619Z",232,35.112,"Neutral","СонуннарОлох-дьаһахТыа хаһаайыстыбата тоҕо өнүйбэтий?","2025-02-28T09:56:59.465696Z"
233,"1","2025-02-28T09:57:24.809967Z",233,23.6,"Negative","Кини онтон  хараастарын, хомойорун кэпсиириттэн истэҕин.","2025-02-28T09:57:24.810044Z"
234,"1","2025-02-28T09:58:39.338530Z",234,71.628,"Positive","Билигин криптовалюта оҥорон Иркутскай, Красноярскай, Хакасия биирдиилээн ыаллара туох да сүрдээхтик байан бардылар.","2025-02-28T09:58:39.338610Z"
235,"1","2025-02-28T09:59:50.422328Z",235,69.838,"Neutral","Ол таҥара буолбут дьон мэтриэттэрэ бу саҥардыы биллибитэ, ити этиллибит таҥара буолбут дьон ону илдьэ да сылдьаачылара Боотуруускай улууһун Сүпсүк нэһилиэгин дьонноро дьүһүннэрин ойуулаан биэрбит киһи.","2025-02-28T09:59:50.422408Z"
236,"1","2025-02-28T10:00:37.246684Z",236,44.268,"Positive","35 сыл таһаарыылаах үлэбин уһуйаан кырачааннарыгар анаабытым.","2025-02-28T10:00:37.246762Z"
237,"1","2025-02-28T10:01:01.346386Z",237,22.846,"Neutral","Мин Нина Николаевнаны кытта араас испэктээккэ, араас сыанаҕа бииргэ ыллаабытым.","2025-02-28T10:01:01.346464Z"
238,"1","2025-02-28T10:02:17.864079Z",238,74.105,"Neutral","Кэпэрэтиипкит быйыл 10 сыллаах үбүлүөйэ.","2025-02-28T10:02:17.864164Z"
239,"1","2025-02-28T10:02:33.083362Z",239,11.815,"Neutral","Нууччалыы эттэххэ, “где логика?","2025-02-28T10:02:33.083439Z"
240,"1","2025-02-28T10:03:09.551574Z",240,34.761,"Neutral","Дьиҥэ, элбэх ырыаны айбыппын.","2025-02-28T10:03:09.551665Z"
241,"1","2025-02-28T10:03:22.867457Z",241,11.272,"Neutral","Марафоҥҥа барыта 19 727 сүүрүүк кытынна.","2025-02-28T10:03:22.867546Z"
242,"1","2025-02-28T10:03:33.949247Z",242,8.583,"Negative","Ол да буоллар син биир харчыбыт тиийбэтэ.","2025-02-28T10:03:33.949388Z"
243,"1","2025-02-28T10:03:41.352124Z",243,5.187,"Negative","Аҕабар эппиппин кыккыраччы аккаастаммыта.","2025-02-28T10:03:41.352202Z"
244,"1","2025-02-28T10:03:52.038947Z",244,9.282,"Neutral","Ол гынан баран, туга да булбатаҕым.","2025-02-28T10:03:52.039027Z"
245,"1","2025-02-28T10:04:12.318650Z",245,18.56,"Neutral","Кыралаан уһулуу – көрүллүбэт.","2025-02-28T10:04:12.318725Z"
246,"1","2025-02-28T10:04:26.792407Z",246,13.225,"Neutral","Кылгас кэмҥэ сыал туруорунан, харчыбытын (дохуоппутун, ороскуоппутун) ааҕынабыт.","2025-02-28T10:04:26.792491Z"
247,"1","2025-02-28T10:05:23.095559Z",247,54.129,"Neutral","Анаан лаппыйан санатабыт, “Кыым” кэнсиэрэ – барыһы биэрэр кэмиэрчэскэй бырайыак буолбатах.","2025-02-28T10:05:23.095638Z"
248,"1","2025-02-28T10:05:48.340772Z",248,23.903,"Neutral","Манна Арассыыйа хас да регионуттан араас тиэхиньикэнэн оҥоһуллубут 150 үлэ кэлэн турда.","2025-02-28T10:05:48.340852Z"
249,"1","2025-02-28T10:06:07.661406Z",249,17.525,"Negative","Нэһилиэктэр кыһалҕаларын барытын үөһэттэн хайдах да учуоттаабаккын, кыаллыбат.","2025-02-28T10:06:07.661483Z"
250,"1","2025-02-28T10:06:15.932363Z",250,6.959,"Neutral","Биһиги хаһаайыстыбаҕа 1283 сүөһүлээхпит, онтон ыанара – 413.","2025-02-28T10:06:15.932437Z"
251,"1","2025-02-28T10:06:30.800714Z",251,13.511,"Positive","Оҥорон таһаарыы бары хаамыыта чопчу тэрээһиннээх, оттон үлэһит ис иһиттэн бэрээдэктээх, сүрэхтээх буолуохтаах.","2025-02-28T10:06:30.800794Z"
252,"1","2025-02-28T10:06:43.530930Z",252,10.638,"Positive","Дьон эмиэ көхтөөхтүк кытынна, актыбыыстар нэһилиэктэртэн барытыттан икки мөлүйүөн солкуобайы хомуйдулар.","2025-02-28T10:06:43.531008Z"
254,"1","2025-03-07T10:02:00.337184Z",254,519.274,"Neutral","Адьас соторутааҕыта сиэртибэлэммит сибиэһэй уҥуохтар кытта бааллара.","2025-03-07T10:02:00.337275Z"
255,"1","2025-03-07T10:03:49.620647Z",255,107.4,"Positive","Ону сэргэ биллэр-көстөр биир дойдулаахтарбыт эмиэ харчынан көмөлөспүттэрэ.","2025-03-07T10:03:49.620728Z"
256,"1","2025-03-07T10:15:49.804481Z",256,718.86,"Neutral","Куоракка олорор дьон ити маастар былаанынан тутуллар дьиэлэри олохтоохтор атыылаһыахтара дии саныыллар.","2025-03-07T10:15:49.804560Z"
257,"1","2025-03-07T10:17:41.692327Z",257,110.622,"Negative","Ол түмүгэр үгүс эрэгийиэннэргэ, Арассыыйаҕа даҕаны оскуолалар, балыыһалар сабыллан нэһилиэктэр эстибиттэрэ.","2025-03-07T10:17:41.692402Z"
258,"1","2025-03-07T10:18:19.532852Z",258,35.883,"Neutral","Н. Попов дириэктэрдээх Намнааҕы гимназия учууталлара гимназияларын таһыгар 15х24 миэтэрэлээх ааркалыы успуорт саалата туппуттара.","2025-03-07T10:18:19.532932Z"
259,"1","2025-03-07T10:18:56.275755Z",259,35.176,"Neutral","Сатаатар, бу сиргэ илиим суола хааллын диэн буолаахтаатаҕа.","2025-03-07T10:18:56.275833Z"
260,"1","2025-03-07T10:19:30.771083Z",260,33.268,"Neutral","Харчы ааҕылларын, суоттанарын сөбүлүүр.","2025-03-07T10:19:30.771166Z"
261,"1","2025-03-07T10:20:29.692722Z",261,57.584,"Positive","Зоя Егоровна Аржакова ыытар өрөспүүбүлүкэ иһинэн онлайн-хоһоон күрэҕэр араас таһымнаах кыайыыларым суруйарбар-айарбар санаа көтөҕөн суоллууллар.","2025-03-07T10:20:29.692801Z"
262,"1","2025-03-07T10:21:11.761369Z",262,40.401,"Positive","Урут саха киһитэ алааска бэйэтин эрэ толкуйунан астанан, дьаһанан олорбут буоллаҕына, ССРС кэмигэр үөһэттэн ыйыы, көмө сопхуостарынан бэриллэн, дьон үчүгэйдик олорбуттара.","2025-03-07T10:21:11.761451Z"
263,"1","2025-03-07T10:23:04.625227Z",263,111.147,"Neutral","Ону ситиһии булуллубутунан алмааһы кырыылаан-наардаан, ураннаан-нарылаан, уон араас өҥүнэн күлүмнүүр бирилийээни оҥорон таһаарар кэриэтэ үгүс сыраттан, дьаныартан, үгүс үлэттэн тахсар.","2025-03-07T10:23:04.625314Z"
264,"1","2025-03-07T10:24:02.388070Z",264,55.872,"Positive","Олору чөлүгэр түһэрэргэ, хаттаан тутарга сүрдээх улахан үлэлэр ыытыллыбыттара.","2025-03-07T10:24:02.388154Z"
265,"1","2025-03-07T10:24:18.197323Z",265,14.501,"Neutral","Эргэрбитин атыылаан баран, соторутааҕыта атыыласпыта.","2025-03-07T10:24:18.197600Z"
266,"1","2025-03-07T10:24:27.796844Z",266,8.127,"Neutral","Үһүс уол Слава Нерюнгрига программист идэтигэр үөрэнэ сылдьар.","2025-03-07T10:24:27.796923Z"
267,"1","2025-03-07T10:24:36.940834Z",267,7.423,"Neutral","Маны тэҥэ уу ыраастаан кутабыт.","2025-03-07T10:24:36.940912Z"
268,"1","2025-03-07T10:25:25.928401Z",268,47.661,"Positive","Дьэ, маныаха кинини өссө кыратык хайҕаан “маладьыас” диэтэхтэринэ, бу оҕо аны 15 мүнүүтэтигэр кыһаллан үөрэнэр.","2025-03-07T10:25:25.928492Z"
269,"1","2025-03-07T10:27:04.681944Z",269,97.119,"Neutral","Аҕыйах сылтан бэттэх Дьокуускайга КОИБ (комплекс обработки избирательных бюллетеней) диэн барытын бэйэтэ ааҕар-суоттуур тэриллэр баар буолбуттара.","2025-03-07T10:27:04.682108Z"
270,"1","2025-03-07T10:27:14.953748Z",270,8.573,"Neutral","Ол иһин ИДьМ, Росгвардия, быыһыыр сулууспалар, уопсайынан, элбэх структура ити чааһыгар үлэлэһэ сылдьар.","2025-03-07T10:27:14.953849Z"
271,"1","2025-03-07T10:29:16.486401Z",271,119.5,"Neutral","Сорох күн эмиэ имэрийэ, кууһа сатыыра.","2025-03-07T10:29:16.486482Z"
272,"1","2025-03-07T10:29:53.808827Z",272,35.817,"Neutral","1987 сыллаахха ырыа факультетын устудьуона Сергей Чигиревка кэргэн тахсыбыта.","2025-03-07T10:29:53.808907Z"
273,"1","2025-03-07T10:30:06.088146Z",273,10.933,"Neutral","Ол иһин СТНГ, ЯТЭК гааһы оҥорууларын улаханнык кыччаттылар.","2025-03-07T10:30:06.088226Z"
274,"1","2025-03-07T10:33:29.690912Z",274,202.182,"Negative","Олорор усулуобуйабыт, олохпут-дьаһахпыт маннааҕар быдан мөлтөх бөҕө буоллаҕа.","2025-03-07T10:33:29.690997Z"
275,"1","2025-03-07T10:34:49.430433Z",275,78.078,"Positive","Сорохтор бэйэлэрэ туспа суол арынан, улуустарынан, нэһилиэктэринэн, куоратынан түмсүүлэргэ тарҕанан, үлэлии, айа-тута сылдьаллар.","2025-03-07T10:34:49.430514Z"
276,"1","2025-03-07T10:35:37.878886Z",276,46.685,"Neutral","Ол эрээри биир түүн биэстэн элбэх сакааһы ылбаппын.","2025-03-07T10:35:37.878964Z"
277,"1","2025-03-07T10:36:58.380848Z",277,78.376,"Positive","Холобур, урукку үтүө дьылларга “Саныаҕыҥ, доҕоттор, ааспыты” тэрээһиҥҥэ кэлбит дьон үчүгэй кэнсиэри көрөллөрүн таһынан,  кэнсиэр билиэтин саҕа сыаналаах ботуччу суумалаах бэлэҕи тутан тарҕаһаллара.","2025-03-07T10:36:58.381027Z"
278,"1","2025-03-07T10:37:40.687578Z",278,40.772,"Neutral","Сыл бүтэһигэр “эмискэ хантан кэлэн хаалбыт тэрилтэний?","2025-03-07T10:37:40.687659Z"
279,"1","2025-03-07T10:37:49.138662Z",279,6.513,"Neutral","Киниэхэ 145 чилиэннээх сойуустан 81 киһи кэлбититтэн 45 чилиэн куоластаабыт.","2025-03-07T10:37:49.138745Z"
280,"1","2025-03-07T10:39:41.171659Z",280,110.073,"Neutral","Аны дьон үгүстэрэ киһи ыарыйдын да биэксэр (биэлсэр) ылбыттар үһү диэн кэпсииллэр, уонна биэксэргэ кэлээччи-барааччы кэмэтэ суох.","2025-03-07T10:39:41.171739Z"
281,"1","2025-03-07T10:40:55.856243Z",281,72.981,"Neutral","Оттон ааспыт ыйга АХШ-ка криптовалютаҕа улахан мунньах буолбутугар Трамп өйүүбүн диэтэ.","2025-03-07T10:40:55.856323Z"
282,"1","2025-03-07T10:41:04.166943Z",282,6.979,"Neutral","Ааспыт сайын бэркэ диэн мунньан-тараан 5 оту (1,5х5=7,5 т) туруордубут.","2025-03-07T10:41:04.167024Z"
283,"1","2025-03-07T10:42:11.763156Z",283,66.011,"Neutral","Дьаһалта дьиэтин  утары  Бороҕон саамай улахан уулуссатын  кэккэлэһиннэрэ  миэстэ таһааран, онно тутар буоллубут.","2025-03-07T10:42:11.763240Z"
284,"1","2025-03-07T10:45:38.474286Z",284,204.873,"Neutral","Ээ, дьэ эрэ, олоҥхоҕор кимнээх оруолларын толороҕун?","2025-03-07T10:45:38.474364Z"
285,"1","2025-03-07T10:46:38.045350Z",285,57.459,"Positive","Миигин ыллата-ыллата тута синтезаторыгар ууран, наһаа үчүгэй фонограммалары оҥорон биэрбитэ.","2025-03-07T10:46:38.045430Z"
286,"1","2025-03-07T10:49:45.796639Z",286,186.355,"Negative","Ким эрэ көссүү булунар, ким эрэ “айака” диэн баран, үлүбээй арахсан барара, – диир Эмиэрикэ дьахтара, – мин да ол оннугу көрө-билэ сылдьан, тапталлара диэҥҥэ ончу итэ­ҕэйбэт буолан барбытым.","2025-03-07T10:49:45.796718Z"
287,"1","2025-03-07T10:50:34.967829Z",287,47.871,"Positive","Эр киһи кырасыабай, мэлдьи бэйэтин көрүнэр, кини тылын, кэпсээ­нин болҕомтолоохтук истэр, кини туһугар долгуйар, санааргыыр, аһынар-харыһыйар дьахтарга наадыйар.","2025-03-07T10:50:34.967918Z"
288,"1","2025-03-07T10:51:29.355652Z",288,52.265,"Negative","Биһиги утары уунарбыт суох буолан, бүтэр уһугар хотторон  тахсыбыппыт.","2025-03-07T10:51:29.355734Z"
289,"1","2025-03-07T10:52:19.379128Z",289,48.635,"Negative","Барбытым кэннэ салҕаабыттара да, кэнники сылларга мөлтүү  быһыытыйбыта.","2025-03-07T10:52:19.379208Z"
290,"1","2025-03-07T10:54:13.939788Z",290,112.938,"Positive","Аллеябытын туппуппут, дьоруойдар боруонса бүүстэрин маннааҕы скульптордарга оҥорторбуппут.","2025-03-07T10:54:13.939866Z"
291,"1","2025-03-07T10:54:52.226504Z",291,36.472,"Neutral","Күһүн хойут, сороҕор алтынньы саҥатыгар, күп-күөҕүнэн тоҥмутун быһан ынахха битэмиин курдук биэрэбит.","2025-03-07T10:54:52.226588Z"
292,"1","2025-03-07T10:55:45.620560Z",292,52.063,"Negative","Заболоцкай-Чысхаан «Мааппа» диэн номоххо олоҕурбут сэһэнин, эбэтэр урут уһуллубут кылгас киинэ салгыыта да диэн ылымматым.","2025-03-07T10:55:45.620643Z"
293,"1","2025-03-07T10:56:34.395848Z",293,46.871,"Negative","Атаардахпына, букатын барбыккыт курдук санаа киирэр.","2025-03-07T10:56:34.395929Z"
294,"1","2025-03-07T10:57:18.148159Z",294,42.386,"Negative","Мэниктиир, баппат, уруогу ыһар, оҕолору тыытар, улахан дьон тылын истибэт буолууну оҕо бэйэтин баҕатынан дии саныыллар.","2025-03-07T10:57:18.148242Z"
295,"1","2025-03-07T11:23:56.852284Z",295,1595.348,"Neutral","Билигин “Үрүччэ” ансаамбыл куорат 3 №-дээх орто оскуолатыгар хореограф Туяра Петровна Колесова салалтатынан салгыы үлэлиир.","2025-03-07T11:23:56.852394Z"
296,"1","2025-03-07T11:24:59.601868Z",296,60.445,"Neutral","2023 с[DOT] – Госдума сокуону ылын-наҕына, нэһилиэккэ дьокутааттар уонна баһылыктар суох буолуохтаахтар.","2025-03-07T11:24:59.602026Z"
298,"1","2025-03-07T11:49:17.538672Z",298,1449.576,"Positive","Хайа да сири-дойдуну, түбэни аатын ааттатар, суон сурахтыыр үлэһит дьон баар буолаллар.","2025-03-07T11:49:17.538815Z"
299,"1","2025-03-07T11:50:15.090586Z",299,55.479,"Positive","Оттон билигин ылан көрүөххэ: киинэ тыйаатырдара тобус-толорулар, өссө сахалыы киинэ арҕаа киинэлэртэн хаалсыбат хомууру оҥорор!","2025-03-07T11:50:15.090668Z"
300,"1","2025-03-13T15:25:03.010289Z",300,155.858,"Neutral","3,5–4 км холлоҕос бүтэйинэн эргиттэххэ, ол иһигэр баар эбэ (күөл) 18 гаа иэнин көҕүрэттэххэ, 75–18=57 гаа туһанар сир тахсар.","2025-03-13T15:25:03.010369Z"
301,"1","2025-03-13T15:31:38.977060Z",301,392.464,"Positive","СонуннарУопсастыбаТоҕус “баба-яганы” суулларбыт хорсун саха уола Сонньуйан эттэххэ, быйыл куораппыт киинигэр саҥа маастар-былаанынан ууруллубут билииккэлэри көрдөххө, үчүгэйдэрэ бэрт.","2025-03-13T15:31:38.977144Z"
302,"1","2025-03-13T15:31:51.067112Z",302,9.388,"Neutral","Кэнники оҕолору барыларын эдьиийдэрэ Вера үөрэппитэ.","2025-03-13T15:31:51.067192Z"
303,"1","2025-03-13T15:33:33.315101Z",303,101.047,"Positive","Кэлин биһиги ыал төһө даҕаны Дьокуускайга көһөн кэллэрбит, мин манна оскуоланы бүтэрдэрбин, төрөөбүт бөһүөлэгим, сирим-дойдум курдаттыы тардар курдуга.","2025-03-13T15:33:33.315185Z"
304,"1","2025-03-13T15:33:40.885880Z",304,6.119,"Neutral","Ити тухары төһөлөөх элбэх быһаҕы көрбүтэ буолуой?","2025-03-13T15:33:40.885958Z"
305,"1","2025-03-13T15:34:15.863657Z",305,32.832,"Positive","Экэниэмикэ, инфраструктура сайдар, инбэстииссийэ, имидж өттүнэн кэрэхсэбилэ улаатар.","2025-03-13T15:34:15.863737Z"
306,"1","2025-03-13T15:35:11.757574Z",306,54.396,"Negative","Төрүт даҕаны ол бу “сибэтии” дии-дии ханнык эмэ дьону албыннааччы аҕабыыт аймаҕы суруйаллара ол сымыйа буолуохтаах.","2025-03-13T15:35:11.757654Z"
307,"1","2025-03-13T15:36:11.371359Z",307,58.314,"Neutral","Бырамыысыланнас киэнэ өссө үрдүк буолуохтаах.","2025-03-13T15:36:11.371494Z"
308,"1","2025-03-13T15:37:21.736589Z",308,68.793,"Neutral","Бу курдук үрдүк таһымнаах, элбэх киһи интэриэһин таарыйар бырайыактар биир-икки эрэ киһи толкуйдаабытынан, ыра-баҕа санаатынан олоххо киирэр буолбатахтар.","2025-03-13T15:37:21.736669Z"
309,"1","2025-03-13T15:38:23.376558Z",309,59.362,"Neutral","Ол иһин арҕаа дойдулар ити кэмҥэ араас «бырабыыталыстыбаннайа суох» тэрилтэлэр, пуондалар нөҥүө күүстээх үлэни ыыппыттара.","2025-03-13T15:38:23.376659Z"
310,"1","2025-03-13T15:42:27.642434Z",310,239.761,"Positive","АЛРОСА – бииргэ үлэлэһэр тутаах доҕорбут.","2025-03-13T15:42:27.642523Z"
311,"1","2025-03-13T15:42:56.409522Z",311,26.12,"Neutral","Аргыый аҕай эбэм хоһун диэки көрбүппэр, били, туох эрэ маҥан эмиэ хамсыыр.","2025-03-13T15:42:56.409658Z"
312,"1","2025-03-13T15:43:51.683570Z",312,53.694,"Positive","Эбэн эттэххэ, аны сотору кэминэн уулусса иккис аҥаара ити курдук тупсарыллыахтаах.","2025-03-13T15:43:51.683662Z"
313,"1","2025-03-13T15:46:44.243057Z",313,169.601,"Neutral","Кыһалҕа кыһыл кымньыылаах дииллэрэ чахчы.","2025-03-13T15:46:44.243134Z"
314,"1","2025-03-13T15:58:25.435584Z",314,699.975,"Negative","Ол эрэн ким эрэ аҥардастыы таптыыр, таптатар, ким эрэ туһанар, ким эрэ сорук-боллур буолар, ким эрэ олуйсан, онно сөрүөстэн олорор.","2025-03-13T15:58:25.435663Z"
315,"1","2025-03-13T16:02:20.814820Z",315,233.918,"Neutral","Уопсайынан, ахсаанын хонтуруоллуохха наада дэһэллэр.","2025-03-13T16:02:20.814909Z"
316,"1","2025-03-13T16:05:41.578482Z",316,199.119,"Positive","Билигин Данилова Зоя Никандровна-Кэкэрдэ салайааччылаах элбэх тэрээһиннэргэ, кинигэ биһирэмнэригэр кыттан, үлэбит тэтиминэн баран иһэр.","2025-03-13T16:05:41.578563Z"
317,"1","2025-03-13T16:06:51.996743Z",317,68.985,"Negative","СонуннарОлох-дьаһахАЛРОСА көмөтүнэн Ленскэй киин уулуссата уларыйда – Эн сиргэммэккин, баалыы да санаабаккын дуо?","2025-03-13T16:06:51.996929Z"
318,"1","2025-03-13T16:07:01.711598Z",318,8.548,"Neutral","Аҕата Николай Петрович Новиков-Халаа Ньукулай ийэбинэн аймахпыт.","2025-03-13T16:07:01.711678Z"
319,"1","2025-03-13T16:07:44.946448Z",319,41.822,"Positive","Мин саныахпар, улуу дьон биһиги кыайбат кыһал­ҕабытын быһаараллара.","2025-03-13T16:07:44.946526Z"
320,"1","2025-03-13T16:09:37.407882Z",320,110.822,"Neutral","Мантан антах элбэх кыбартыыралаах дьиэлэргэ баар уопсастыбаннай аһылык туочукаларыгар итирдэр утах атыыланар бириэмэтин, ону таһынан эрэстэрээннэргэ, бардарга, кафеларга, буфеттарга пиибэ, сидр уонна атын итирдэр утах атыыланар ирдэбилин эрэгийиэн бэйэтэ олохтуур-хааччахтыыр кыахтанар.","2025-03-13T16:09:37.407985Z"
321,"1","2025-03-13T16:11:58.527290Z",321,139.748,"Negative","Кутанаҕа кутурҕан күнэ биллэриллибитэ.","2025-03-13T16:11:58.527371Z"
322,"1","2025-03-13T16:13:16.781958Z",322,76.427,"Positive","Түргэн үлүгэрдик сурунаал тула айар-тутар дьон муста охсубута.","2025-03-13T16:13:16.782037Z"
323,"1","2025-03-13T16:13:24.921224Z",323,6.057,"Neutral","Кини буруйданааччыга  2 250 000 солкуобайы төлөөбүт.","2025-03-13T16:13:24.921300Z"
324,"1","2025-03-13T16:15:17.620077Z",324,111.342,"Positive","Үгүс уонунан сыллар анараа өттүлэригэр курдук, билигин да геолог идэтигэр арамаантыктар кэлэллэр.","2025-03-13T16:15:17.620156Z"
325,"1","2025-03-13T16:15:45.322840Z",325,25.995,"Neutral","Быйыл мас тардыһыытыгар эр дьон, дьахталлар уонна бэрээтээннэр Дьобуруопатааҕы чөмпүйэнээттэрэ, ону тэҥэ 18-гар диэри саастаах ыччат дьон биирдиилээн бастыыр иһин күрэхтэрэ ахсынньы 12 – 16 күннэригэр Грузия Цхалтубо куоратыгар ыытыллыахтааҕа.","2025-03-13T16:15:45.322919Z"
326,"1","2025-03-13T16:20:40.442749Z",326,292.837,"Neutral","Ол гынан баран ол пуун бөһүөлэккэ сүүстэн тахса бэйдиэ сылдьар ыт кыһалҕатын бүтэһиктээхтик быһаарыа дуо?","2025-03-13T16:20:40.442830Z"
327,"1","2025-03-13T16:23:43.972166Z",327,182.372,"Positive","7 (914) 820-09-75 – Быйыл мин “КиноМАНиЯ” үөрэх тиһигэр кыттыбытым, онно бастыҥ туруорааччы-худуоһунньук буолбутум.","2025-03-13T16:23:43.972250Z"
328,"1","2025-03-13T16:25:25.177735Z",328,99.662,"Neutral","Биһиги ыал Эмискэ мин сэттис кылааска киирэр сылбар көһөн кэлбитэ.","2025-03-13T16:25:25.177892Z"
329,"1","2025-03-13T16:28:08.286655Z",329,161.296,"Neutral","Холобур, Степан Контоев уолаттарын: Сашаны, Германы биэс саастарыттан оскуоланы бүтэриэхтэригэр диэри бэйэтэ эрчийбитэ.","2025-03-13T16:28:08.286733Z"
330,"1","2025-03-13T16:30:31.710892Z",330,141.982,"Neutral","Чэ, быһата, ити курдук хас да сыл ылбат-биэрбэт олоҕу олорон, эрбиттэн арахсан баран, биир дьүө­гэм кучуйан, үс сыллааҕыта Дьокуускайга кэлбитим.","2025-03-13T16:30:31.710973Z"
331,"1","2025-03-13T16:31:42.192444Z",331,69.231,"Positive","Дьоммут-сэргэбит араас граннары, субсидиялары туһаналларыгар дьаһалта кэмигэр өйөбүлэ, көмөтө улахан суолталаах.","2025-03-13T16:31:42.192523Z"
332,"1","2025-03-13T16:35:58.929561Z",332,255.372,"Neutral","Алексей Евстратов кэпсээбитинэн, ХБК-ларга, батарар комплекска уонна да хампаанньа бары хааччыйар салаа тэрилтэлэригэр анаан, исписэлиистэри сыллата бэлэмнииллэр.","2025-03-13T16:35:58.929654Z"
333,"1","2025-03-13T16:38:22.989742Z",333,142.21,"Neutral","Дьэ, доҕоор, өйдөөн көрбүтэ кинилэри кып-кыһыл харахтаах ньирэй одуулаан турар эбит.","2025-03-13T16:38:22.989820Z"
334,"1","2025-03-13T16:40:20.404176Z",334,115.718,"Neutral","Бэл, икки хас сыллааҕыттан үүт соҕотуопкатын туһунан сыыппара тахсыбат буолла.","2025-03-13T16:40:20.404255Z"
335,"1","2025-03-13T16:44:53.890911Z",335,271.952,"Neutral","Арай ити 57 гааттан 60%-на туһаҕа таҕыстын уонна ити сири тупсарар дьаһаллар түмүктэринэн сыл ахсын биир гааттан 2 т итэҕэһэ суох өлгөм үүнүүнү биэрдин?","2025-03-13T16:44:53.890990Z"
336,"1","2025-03-13T16:45:50.533297Z",336,54.67,"Negative","Кистии-саба көрдөр даҕаны онтуката биллэн хаалан, кыбыстар аатыгар барар.","2025-03-13T16:45:50.533376Z"
337,"1","2025-03-13T16:46:28.005313Z",337,35.711,"Negative","Эрдэрэ тус интэриэстэрин, иэйиилэрин инники күөҥҥэ туппаттара балай эмэ эридьиэстэннэ.","2025-03-13T16:46:28.005394Z"
338,"1","2025-03-13T16:59:29.896676Z",338,779.732,"Neutral","Кэнсиэр барыта биир күдьүс ырыанан-тойугунан эрэ “күрдьэн” барбакка, быыһыгар үҥкүүлээх-битиилээх ааста.","2025-03-13T16:59:29.896779Z"
339,"1","2025-03-13T16:59:42.824264Z",339,10.656,"Neutral","Дьонум массыынаҕа киирэн баран, тута салаһан, убахтаһан, сыллаһан-уураһан бардылар.","2025-03-13T16:59:42.824348Z"
340,"1","2025-03-13T17:17:22.045444Z",340,1055.448,"Neutral","Сүрүн аһылыга – соҕоон.","2025-03-13T17:17:22.045537Z"
341,"1","2025-03-13T17:17:32.282752Z",341,8.102,"Neutral","Билигин чопчу быһаарыстахпытына, кэлэр сылларга ньыматын уларытыахха да сөп.","2025-03-13T17:17:32.282902Z"
342,"1","2025-03-13T17:20:27.120989Z",342,173.56,"Neutral","Бастыҥ монтажер – Жегусов Айтал, “Spectrum Light” хамаанда (кейсэ – “Peek-a-boo” буокса кулууба); Дьэ, хотулар олохпут уонна өрөспүүбүлүкэ киин улуустарын тэтимин икки арда маннык улахан араастаах.","2025-03-13T17:20:27.121067Z"
343,"1","2025-03-13T17:21:37.937150Z",343,69.022,"Positive","Александр ПАВЛОВ: “20-тэн тахса сыл үлэлиирим тухары үлэһиттэргэ диэн ааттаан, 60-тан тахса дьиэни туттардыбыт.","2025-03-13T17:21:37.937237Z"
344,"1","2025-03-13T17:21:45.639787Z",344,6.06,"Positive","Бырайыактарбытынан барытынан да киэн туттабыт.","2025-03-13T17:21:45.639869Z"
345,"1","2025-03-13T17:22:22.752444Z",345,35.858,"Neutral","Оҕолорбут бары араас майгылаахтар, интэриэстээхтэр, дьарыктаахтар.","2025-03-13T17:22:22.753277Z"
346,"1","2025-03-13T17:23:11.657830Z",346,47.265,"Neutral","Эбэлээх, эһэм оттууллара-мастыыллара, хаһаайыстыбаларын бэрийэллэрэ.","2025-03-13T17:23:11.657909Z"
347,"1","2025-03-13T17:24:27.760873Z",347,73.417,"Neutral","Ити курдук дойду ахсаана күн-түүн элбии турар.","2025-03-13T17:24:27.760953Z"
348,"1","2025-03-13T17:25:51.586430Z",348,81.876,"Neutral","Реворий Чемчоев-Чөмчөө Уус оҥорбут хомуһа куосумаска тахсыбытын истэн, хайдах онно “тиийэн хаалбытын” токкоолостулар, дьиктиргээтилэр даҕаны.","2025-03-13T17:25:51.586508Z"
349,"1","2025-03-13T17:26:36.342497Z",349,42.587,"Positive","Тулалыыр дьонун, атын оҕолору кытта тэҥҥэ үүнэр-сайдар, үөрэҕи ылар кыахтанар.","2025-03-13T17:26:36.342637Z"
350,"1","2025-03-13T17:27:25.341346Z",350,47.664,"Neutral","Ол туһунан бүгүн чинчийэн үлэлии сылдьар педагог-психолог Туйаара ЛЕПЧИКОВАны кытта сэһэргэһэбит.","2025-03-13T17:27:25.341426Z"
351,"1","2025-03-14T15:50:38.658497Z",351,565.779,"Neutral","СонуннарБэлиитикэАлександр Жирков Башкортостаҥҥа, Госдумаҕа уонна Ямал-Ненец уокуругар сырыыта – Ол иһин саҥа дьону сыымайдаан көрсөбүн.","2025-03-14T15:50:38.658616Z"
352,"1","2025-03-14T15:51:22.673434Z",352,21.98,"Positive","Тимофей Тимофеевич уһулуччулаах сырдык санаалаах үтүө киһи.","2025-03-14T15:51:22.673524Z"
353,"1","2025-03-14T15:52:33.309340Z",353,66.703,"Negative","Тутуу матырыйаалын булуу-талыы күнтэн күн ыарыыр, тиэхиньикэ кыайан саҥардыллыбат.","2025-03-14T15:52:33.309429Z"
354,"1","2025-03-14T15:53:19.394211Z",354,43.349,"Neutral","Көмүс ытарҕатын эйэҥэлэтэн, суумкатыттан көмүс бөҕөхтөөх швейцарскай чаһытын иилинэр.","2025-03-14T15:53:19.394415Z"
355,"1","2025-03-14T15:53:33.699032Z",355,12.729,"Neutral","ТХМ тэриллиилээх хаһаайыстыбалары билэ, көрө, харайа олорор тэрилтэ.","2025-03-14T15:53:33.699110Z"
356,"1","2025-03-14T15:54:21.302674Z",356,44.788,"Neutral","Биир мас сыаната кээмэйиттэн, боруодатыттан уонна төһө ыраах сиргэ кэрдэллэриттэн тутулуктаах.","2025-03-14T15:54:21.302753Z"
357,"1","2025-03-14T15:55:15.891743Z",357,51.639,"Negative","Үүтүм сыатын балыйбата буоллар, син да буолуо этэ.","2025-03-14T15:55:15.891907Z"
358,"1","2025-03-14T15:55:31.162906Z",358,12.633,"Negative","Эргэ дьиэлэри суулларан баран тутарга харчы эмиэ суох.","2025-03-14T15:55:31.162998Z"
359,"1","2025-03-14T15:55:42.798170Z",359,9.615,"Neutral","Быйылгы тэрээһиҥҥэ кэлбит дьон ылбыт билиэттэрин сууматын (1 тыһ.","2025-03-14T15:55:42.798249Z"
360,"1","2025-03-14T15:57:00.619303Z",360,75.317,"Positive","Бу сыллар тухары биһиги улууспутугар “Үтүө дьыала” хамсааһыныгар күүскэ үлэлэһэн кэлбиппит.","2025-03-14T15:57:00.619418Z"
361,"1","2025-03-14T15:57:45.660966Z",361,40.918,"Neutral","Ол курдук, геологтар түстэнэн олорор, үлэлиир сирдэригэр, тулалыыр экология эйгэтин айгыратыан сөп диэн, дьөрү ыты да көҥүл көччүппэттэр.","2025-03-14T15:57:45.661055Z"
362,"1","2025-03-14T15:58:07.785217Z",362,20.524,"Neutral","Этиһэр буолан, көмүскэнээри үүт анаалыстыыр “Клевер” ылынныбыт.","2025-03-14T15:58:07.785297Z"
363,"1","2025-03-14T15:59:17.405948Z",363,64.651,"Positive","Үп-харчы туһунан билии уонна уурунуу – бу көннөрү сатабыл эрэ буолбакка, инники байылыат уонна туруктаах олоххо ааны арыйар тутаах үстүрүмүөн буолар.","2025-03-14T15:59:17.406033Z"
364,"1","2025-03-14T15:59:30.490266Z",364,10.41,"Neutral","11” хамаанда: Ярослав Иванов, Горнай улууһун Бэрдьигэстээҕин гимназията, Виктория Корякина Дьокуускай 31-с №-дээх оскуолата, Виолетта Ефремова, РЛИ, Кира Вензель, Дьокуускай 23-с №-дээх оскуолата (кейсэ – “COLD50” креатив ааҕыныстыбата).","2025-03-14T15:59:30.490408Z"
365,"1","2025-03-14T16:00:25.426172Z",365,53.368,"Neutral","Үүнэри-сайдары өйүүллэр Ынах сүөһүбүт – 1067, ол иһиттэн 392 ыанар  ынах быйыл кыстыкка этэҥҥэ киирдилэр.","2025-03-14T16:00:25.426314Z"
366,"1","2025-03-14T16:02:13.736749Z",366,106.427,"Negative","Ким эрэ “ийэлээх” дуу, “аҕалаах” дуу притоҥ­ҥа олорон, сакааска сылдьан үлэ­лиир.","2025-03-14T16:02:13.736851Z"
367,"1","2025-03-14T16:02:24.680658Z",367,8.63,"Neutral","Саввин төлөпүөнүн мастарыскыайга илдьибитигэр “өрөмүөн 26 тыһ.","2025-03-14T16:02:24.680736Z"
368,"1","2025-03-14T16:10:44.967496Z",368,498.162,"Negative","л ыахтаахпыт” диирин кытта мөккүспүтүм уонна мөхпүтүм.","2025-03-14T16:10:44.967577Z"
369,"1","2025-03-14T16:10:54.498915Z",369,6.773,"Neutral","Мунньар суумабын мин ороскуот курдук көрүөхтээхпин.","2025-03-14T16:10:54.498995Z"
370,"1","2025-03-14T16:12:07.663754Z",370,70.717,"Neutral","Дьиҥинэн, кэтэх дьон саха сүөһүтүн ииттиэхтээхтэр.","2025-03-14T16:12:07.663841Z"
371,"1","2025-03-14T16:12:55.911440Z",371,46.847,"Neutral","Дорогая, дьон дьиҥ олоҕунан олороллор, кинигэнэн буолбатах.","2025-03-14T16:12:55.911519Z"
372,"1","2025-03-14T16:13:17.718166Z",372,19.818,"Neutral","Билигин биһиэхэ “Көмүөл” кинигэ кыһатыгар Герта Рудых, Ирина Захарова, Наталья Саввинова, Степан Спиридонов кинигэ таҥаллар, оттон Варвара Петровна Саввинова, Альбина Гусимовна Аммосова эрэдээктэрдииллэр.","2025-03-14T16:13:17.718243Z"
373,"1","2025-03-14T16:13:31.070277Z",373,11.934,"Neutral","Биһиэхэ сылга 21%-ҥа тиийэ дохуоттаах уурунуу табыгастаах усулуобуйатын талыаххытын сөп.","2025-03-14T16:13:31.070397Z"
374,"1","2025-03-14T16:13:41.784152Z",374,8.99,"Neutral","2 дьиэ 8х10, биир дьиэ 9х12-лээх, ону 2 кыбартыыралаах гына оҥордубут.","2025-03-14T16:13:41.784242Z"
375,"1","2025-03-14T16:14:49.760808Z",375,65.249,"Positive","Аара маҕаһыыҥҥа сылдьан, Бииктэрин сөбүлүүр аһын бэлэмнии охсон, үөрдээри түбүгүрэрэ.","2025-03-14T16:14:49.760886Z"
376,"1","2025-03-14T16:15:00.944761Z",376,8.466,"Neutral","Кыайыы 60 сылыгар тутан бүтэрбиппит.","2025-03-14T16:15:00.944837Z"
377,"1","2025-03-14T16:15:17.899618Z",377,15.204,"Neutral","Оттон дьахтар уонна эр киһи сыһыана онуоха биир “ингредиент” эрэ.","2025-03-14T16:15:17.899700Z"
378,"1","2025-03-14T16:16:17.398332Z",378,57.739,"Negative","Суоппар кэлэн баран, массыынаттан тахсыбакка төлөпүөнү сиргэ быраҕар.","2025-03-14T16:16:17.398408Z"
379,"1","2025-03-14T16:16:25.025074Z",379,6.26,"Neutral","Ол сыттахпына, убайым киирэн кэлбитэ.","2025-03-14T16:16:25.025154Z"
380,"1","2025-03-14T16:22:57.626023Z",380,390.715,"Neutral","Этэҥҥэ эргиллэн кэлэрин күүтэбит,"" – диэн салгыы сэһэргиир ""Айар Кут"" регионнааҕы поэттарын уонна прозаиктарын сойууһун чилиэнэ, Үөһээ Бүлүү ""Чэчир"" хоһоонньуттарын чилиэнэ Тумусова Прасковья Алексеевна-Туску.","2025-03-14T16:22:57.626101Z"
381,"1","2025-03-14T16:23:49.018081Z",381,49.786,"Neutral","Дьахтар доруобуйатыгар кыра туох эмэ баар буолла да (оҕоҥ ыйааһына улахан эбэтэр кыра “отёктаах” буоллаххына) куоракка  Перинатальнай кииҥҥэ ыытан иһэллэр.","2025-03-14T16:23:49.018173Z"
382,"1","2025-03-14T16:32:36.861746Z",382,525.314,"Positive","Онон кини олохтоох бэйэни салайыныы сокуонун ис тутулун бастакыттан үөрэппит, оҥорсубут уонна оройуон баһылыгынан үлэлии олорон бу сокуон олоххо киириитигэр  чопчу үлэлэспит уопуттаах дьокутаат буоларын быһыытынан биһиги киниттэн дьоҥҥо быһааран биэрэригэр көрдөстүбүт.","2025-03-14T16:32:36.861825Z"
383,"1","2025-03-14T16:37:22.139237Z",383,283.701,"Positive","Инникитин кыах баарынан өссө тэнийиэххэ сөп.","2025-03-14T16:37:22.139316Z"
384,"1","2025-03-14T16:37:56.011555Z",384,31.119,"Neutral","Биллэн турар, муниципалитет салайааччыта дьонун иннигэр эппиэтинэһи сүгүөхтээх.","2025-03-14T16:37:56.011633Z"
385,"1","2025-03-14T16:41:12.227023Z",385,194.0,"Neutral","Ол курдук, Омскай уобалаһыттан 50 туонна “Розара” хортуоппуй бастыҥ суордун, ону сэргэ Татарстан Казань куоратыттан эмиэ 50 туонна “Розара“ суорду аҕалбыппыт.","2025-03-14T16:41:12.227207Z"
386,"1","2025-03-14T16:41:55.633240Z",386,41.9,"Neutral","Уһук Хоту уонна онно тэҥнэммит территориялары тыын суолталаах табаарынан хааччыйарга туһуламмыт “Хотугу таһаҕаһы тиэйии туһунан” тирэх сокуон күүһүгэр киирэр.","2025-03-14T16:41:55.633322Z"
387,"1","2025-03-14T16:43:29.128725Z",387,91.871,"Neutral","олунньуга ФАС салалтатын кытта көрсөн “ити ЯТЭК инбэстиисийэтин бырыһыаныгар туох киирэрин көрдөрдүн эбэтэр хампаанньа үлэтин бойкуоттуубут” диэн иккиттэн биирин талларбытыгар “ятэктар” дьэ биирдэ Саха сиригэр атыылыыр “гаастарыгар инбэстииссийэлээх бырыһыаннара” төһө буоларын арыйбыттар.","2025-03-14T16:43:29.128804Z"
388,"1","2025-03-14T16:43:42.060388Z",388,10.11,"Neutral","Манна төлөпүөнүнэн мэдиссиинэ үлэһиттэрэ нэһилиэнньэни ыҥыраллар.","2025-03-14T16:43:42.060466Z"
389,"1","2025-03-14T16:45:50.572359Z",389,126.942,"Neutral","Дэриэбинэҕэ сөбүлэһэр киһи көстүбэккэ, 2003 с. Уһун Күөлгэ бастакы үүт переработкатын кэпэрэтиибин биэс сыл салайбыта.","2025-03-14T16:45:50.572439Z"
390,"1","2025-03-14T16:47:17.130181Z",390,84.773,"Negative","Атын аттарынан кыттыбыт буоламмын, сүрдээҕин ыарырҕаттым.","2025-03-14T16:47:17.130260Z"
391,"1","2025-03-14T16:49:51.680066Z",391,152.868,"Positive","Ол көмөтүнэн “Маят” бириискэ бөһүөлэктэригэр түргэн интэриниэт киирдэ, уолаттар сонуну түргэнник тутар, ырыаны-тойугу истэр, электроннай өҥөнү туһанар кыахтаннылар.","2025-03-14T16:49:51.680144Z"
392,"1","2025-03-14T16:51:19.260619Z",392,86.011,"Positive","Оҕо улааппытын эрэ кэннэ маннык “ыарыылааҕын” билбит эбэтэр сэрэйбит буоллаххытына, кими да буруйдаабакка, күүһү оҕону ылыныыга, өйүүргэ ыытыахтааххыт.","2025-03-14T16:51:19.260698Z"
393,"1","2025-03-14T16:54:06.672906Z",393,165.918,"Neutral","Эбээ, хайа, туохтан күллүҥ?","2025-03-14T16:54:06.672981Z"
394,"1","2025-03-14T16:55:25.706093Z",394,77.578,"Negative","Оттон дьоҥҥо табыгастаах эрэ, суох эрэ – ол кими да долгуппат.","2025-03-14T16:55:25.706170Z"
395,"1","2025-03-14T16:56:08.535900Z",395,40.993,"Neutral","Тоҕус “баба-яганы” суулларбыт хорсун саха уола Итини таһынан, геолог графическай матырыйааллары сыыппараҕа көһөрөр уонна сир аннынааҕы выработкалар геологическай докумуоннарын оҥорор үлэни эмиэ сүрүннүүр, геология усулуобуйатын дириҥник өйдүүргэ скважиналары ойуулуур (описание).","2025-03-14T16:56:08.535979Z"
396,"1","2025-03-14T16:56:17.322743Z",396,6.425,"Neutral","Кини идэтинэн  художник - мастер.","2025-03-14T16:56:17.322821Z"
397,"1","2025-03-14T16:57:03.996275Z",397,45.163,"Positive","Ону Екатерина Корякина чаҕылхайдык толорбута.","2025-03-14T16:57:03.996352Z"
398,"1","2025-03-14T16:57:42.293533Z",398,36.854,"Neutral","Куонкурус кыайыылаахтарын быһаарар, бырайыактары билиһиннэрэр түмүк тэрээһин ахсынньы 8 күнүгэр буолла.","2025-03-14T16:57:42.293611Z"
399,"1","2025-03-14T16:59:14.567719Z",399,90.551,"Neutral","Оттон  массыына-көмпүүтэрдэр бэйэлэригэр үлэлии олороллор.","2025-03-14T16:59:14.567800Z"
400,"1","2025-03-14T17:00:42.679194Z",400,85.718,"Neutral","Оччоҕо манна, Халымаҕа, олоро сатыырга кыах бэриллэн, дьон эниэргийэтэ сүтүө суох этэ буолбатах дуо?","2025-03-14T17:00:42.679275Z"
401,"1","2025-03-14T17:00:57.865664Z",401,13.851,"Neutral","Үс улахан историческай суолталаах.","2025-03-14T17:00:57.865744Z"
402,"1","2025-03-14T17:01:07.044985Z",402,7.779,"Neutral","Онтубут тэҥ тэҥинэн тахсыахтаах.","2025-03-14T17:01:07.045064Z"
403,"1","2025-03-14T17:02:34.096851Z",403,85.623,"Negative","Кини өлүөҕүттэн, арааһа, бары даҕаны “һуу” диэтэхпит буолуо.","2025-03-14T17:02:34.096926Z"
404,"1","2025-03-14T17:04:03.777566Z",404,87.768,"Neutral","Дьоммун кытары ол туһунан кэпсэтэ сатаатахпына, “сичи, эбэҥ кырдьыбыт, ол иһин ардыгар инник буолар” эрэ дииллэрэ.","2025-03-14T17:04:03.777643Z"
405,"1","2025-03-14T17:04:10.447988Z",405,3.989,"Neutral","Нина миигиттэн биир сыл аҕа этэ.","2025-03-14T17:04:10.448067Z"
406,"1","2025-03-14T17:04:24.548157Z",406,12.655,"Positive","Мин доҕордуу сыһыаннаах, эйэлээх кэлэктиипкэ киирэммин, табыллан сылдьабын.","2025-03-14T17:04:24.548236Z"
407,"1","2025-03-14T17:05:01.161798Z",407,34.613,"Neutral","Маныырга ханан, хайдах киирэн олорон “баба-яганы” табыахха сөбүн былаанныыбыт.","2025-03-14T17:05:01.161877Z"
408,"1","2025-03-14T17:05:06.914631Z",408,4.42,"Neutral","тан тайҕаҕа көһөн олоробут.","2025-03-14T17:05:06.914717Z"
409,"1","2025-03-14T17:05:21.747432Z",409,12.273,"Neutral","Уулусса уота тыгар кэмигэр, сиэркилэнэн көрбүтүм, кыыс ньылбы сыгынньахтаммыт этэ.","2025-03-14T17:05:21.747538Z"
410,"1","2025-03-17T18:18:02.805810Z",410,122.549,"Neutral","Оттон даача, саад, оҕуруот сиригэр баар дьиэни уонна атын кыра тутуулары отторго сылын аайы 15 кууп маһы кэрдиэххэ сөп.","2025-03-17T18:18:02.805949Z"
411,"1","2025-03-17T18:18:29.436882Z",411,24.15,"Neutral","Үлэтэ ыарахан эрээри, хамнаһа онно эппиэттиир – үрдүк.","2025-03-17T18:18:29.436962Z"
412,"1","2025-03-17T18:18:43.594953Z",412,11.518,"Neutral","Хайдах эрэ эрдэттэн дойдубар баран үлэлиэхпин баҕара саныыр этим.","2025-03-17T18:18:43.595033Z"
413,"1","2025-03-17T18:18:54.366290Z",413,8.182,"Positive","Бэйэм өйбүнэн, толкуйбунан, бу илиибинэн харчы оҥостуохпун баҕарабын.","2025-03-17T18:18:54.366424Z"
414,"1","2025-03-17T18:20:44.671204Z",414,108.248,"Neutral","Биллэн турар, оччотооҕу ыалга үлэҕэ-хамнаска көмөлөһөөччүлэрэ оҕолоро буолаллара.","2025-03-17T18:20:44.671287Z"
415,"1","2025-03-17T18:21:53.556153Z",415,64.807,"Negative","Төрүөтэ, кыыс кыратыттан ыарыһах, мөлтөх этэ.","2025-03-17T18:21:53.556233Z"
416,"1","2025-03-17T18:22:40.378708Z",416,40.821,"Neutral","Ол эрээри “бу Саха сирин ийэлэрин барыларын манна аҕалан төрөтөр хайдаҕа буолла?","2025-03-17T18:22:40.378786Z"
417,"1","2025-03-17T18:25:29.169768Z",417,165.641,"Negative","Быйыл Кузбаска икки быһылаан бэлиэтэммит: дьиэтээҕи ыттар алталаах уонна түөртээх кыргыттары өлөрбүттэр.","2025-03-17T18:25:29.169853Z"
418,"1","2025-03-17T18:25:35.842140Z",418,3.643,"Neutral","Мин Нина Николаевнаны кытта 1990-с сс.","2025-03-17T18:25:35.842218Z"
419,"1","2025-03-17T18:26:13.441535Z",419,35.881,"Neutral","Бииктэр биһигини “кэлин дьиэҕитигэр тиийдэххитинэ, миэхэ кэлэн ыалдьыттаарыҥ” диэн ыҥырбыта.","2025-03-17T18:26:13.441618Z"
420,"1","2025-03-17T18:27:25.247586Z",420,69.788,"Positive","Билигин, ханна да буоларын курдук, Ленскэй ыччаттара чөл олоҕу өрө туталлар, физкультуранан, успуордунан утумнаахтык дьарыктаналлар.","2025-03-17T18:27:25.247668Z"
421,"1","2025-03-17T18:29:16.390283Z",421,109.26,"Positive","Саҥа сүүрээн, сонун хайысха!","2025-03-17T18:29:16.390362Z"
422,"1","2025-03-17T18:29:49.596642Z",422,31.756,"Positive","Чысхаан айымньытыгар Мааппа уонна Ылдьаа көҥүл тыыннаах истиҥ тапталга куустаран биэс уон сылга тэҥнээх биэс дьоллоох күнү атаарбыт буоллахтарына, М.","2025-03-17T18:29:49.596720Z"
423,"1","2025-03-17T18:30:42.020535Z",423,50.699,"Neutral","Дьиктитэ диэн, боросто­туукканы ордук ойохтоох дьон сакаастыыр.","2025-03-17T18:30:42.020616Z"
424,"1","2025-03-17T18:31:10.267900Z",424,24.017,"Neutral","Ол эрээри хамнаска буолбатах.","2025-03-17T18:31:10.267991Z"
425,"1","2025-03-17T18:31:37.277170Z",425,25.679,"Neutral","Билиҥҥи саҥа былаас дьоно үөһэттэн аллара сүрүннэнэн үлэлиир саҥардыллыбыт судаарыстыба сокуонугар олоҕурар.","2025-03-17T18:31:37.277259Z"
426,"1","2025-03-17T18:32:36.844638Z",426,57.8,"Positive","Ол да буоллар, Егор олоҕун-үлэтин суола кинини Мииринэйгэ мээнэҕэ аҕалбатаҕар эрэнэр.","2025-03-17T18:32:36.844721Z"
427,"1","2025-03-17T18:42:08.857226Z",427,568.149,"Positive","Кини ырыатын сиэннэрэ, хос сиэннэрэ ыллыахтара турдаҕа.","2025-03-17T18:42:08.857325Z"
428,"1","2025-03-17T18:42:52.140224Z",428,40.852,"Positive","Бөртө” сылгы собуота” ХЭТ өрөспүүбүлүкэ  биир бөдөҥ, уһун кэм устата таһаарыылаахтык үлэлии олорор тэрилтэтинэн буолар.","2025-03-17T18:42:52.140303Z"
429,"1","2025-03-17T18:43:04.325631Z",429,10.785,"Neutral","Диспансер үлэтин-хамнаһын билистэ Саргылаана БАГЫНАНОВА.","2025-03-17T18:43:04.325711Z"
430,"1","2025-03-17T18:43:38.096905Z",430,31.777,"Neutral","Хас биирдии бырайыакка хостоон көрүү ыытыллыбыт сирин, хайалаах боруода хостоммут сирин булгуччу чөлүгэр түһэрэр үлэ эрдэттэн учуоттанан, киирэ сылдьар.","2025-03-17T18:43:38.096986Z"
431,"1","2025-03-17T18:44:11.281898Z",431,31.631,"Positive","Нина Чигирева аатын алмааска иҥэрии – бу аҥаардас билинии, ытыктабыл эрэ буолбатах, бу – эдэр артыыстары саҥаттан-саҥа ситиһиигэ көҕүлүүр суол.","2025-03-17T18:44:11.281977Z"
432,"1","2025-03-17T18:44:43.505896Z",432,30.99,"Positive","Тэрилтэ салалтата үлэһиттэр хампаанньа олоҕор-дьаһаҕар көхтөөхтүк кыттыылара кинилэр хампаанньаҕа үтүө, сиэрдээх сыһыаннаах буолууларыгар дьайарын толору өйдүүр.","2025-03-17T18:44:43.505975Z"
433,"1","2025-03-17T18:45:13.819620Z",433,28.857,"Neutral","Нэһилиэктэр бэйэлэрэ эмиэ биһиэхэ быһаччы тахсаллар этэ.","2025-03-17T18:45:13.819698Z"
434,"1","2025-03-17T18:45:45.364461Z",434,28.913,"Neutral","Ньургун Боотур” олоҥхо-операҕа сүрүн дьоруой – Айыы бухатыыра – Ньургун Боотур Аллараа дойду күүстэрин кытта туруулаһыыта сэһэргэнэр.","2025-03-17T18:45:45.364553Z"
435,"1","2025-03-17T18:46:57.798068Z",435,70.279,"Neutral","Биллэн турар, учуонайдар-устуоруктар, бар дьон даҕаны этэринэн, боростотуукка – саамай былыргы идэ.","2025-03-17T18:46:57.798145Z"
436,"1","2025-03-17T18:47:33.959950Z",436,34.36,"Neutral","Кэмниэ кэнэҕэс, балай эмэ хойутаан, «сийиэһи» тэрийээччи кимэ билиннэ – сценаҕа маанытык таҥныбыт «солбуйааччы» Д. таҕыста.","2025-03-17T18:47:33.960028Z"
437,"1","2025-03-17T18:48:38.007579Z",437,62.922,"Positive","Сахалар чараас эйгэлээхпит, барытыгар итэҕэйэбит.","2025-03-17T18:48:38.007716Z"
438,"1","2025-03-17T18:49:16.122383Z",438,36.52,"Negative","Ол түмүгэр бэйэни салайыы уорганнара боломуочуйалаахтар, оттон ону толорор үптэрэ суох.","2025-03-17T18:49:16.122463Z"
439,"1","2025-03-17T18:49:52.576185Z",439,34.23,"Neutral","И. Винокуров кэпсээбитинэн, бу “шайтаны” бастаан тордох иһигэр олордубуттар.","2025-03-17T18:49:52.576264Z"
440,"1","2025-03-17T18:50:19.492163Z",440,23.544,"Neutral","Чуолаан “Земский доктор”, “Земский учитель”, “Муравьев-Амурский 2030” судаарыстыба бырагыраамалара олоххо киирилэрин көрүөҕэ.","2025-03-17T18:50:19.492245Z"
441,"1","2025-03-17T18:50:25.576362Z",441,4.589,"Positive","Олус үчүгэй эбии ас.","2025-03-17T18:50:25.576444Z"
442,"1","2025-03-17T18:50:55.763803Z",442,28.924,"Neutral","Онно дии – геолог булуутун араас хабааннаах, көрүҥнээх ырытыы, көрүү, анаалыс, түмүк оҥоһуллар сирэ.","2025-03-17T18:50:55.763885Z"
443,"1","2025-03-17T18:51:46.984409Z",443,49.786,"Neutral","Оннооҕор сорох ыарыһахтар үлэлии-үлэлии эмтэнэр буоллулар.","2025-03-17T18:51:46.984490Z"
444,"1","2025-03-17T18:52:22.060316Z",444,33.393,"Positive","Нэһилиэктэригэр кулууп тутулларыгар олохтоохтор бэйэлэрэ интэриэстээх буоллахтара.","2025-03-17T18:52:22.060397Z"
445,"1","2025-03-17T18:52:51.199500Z",445,26.354,"Positive","Сирбитин кэрийэн, туох баарын-суоҕун көрөн-истэн баран, астынан, дьиэбит диэки эргилиннибит.","2025-03-17T18:52:51.199581Z"
446,"1","2025-03-17T18:53:03.657852Z",446,9.896,"Neutral","Мин аатым Дайыына Байдам Сииҥкэ кыыһа диэммин, Нам улууһун Бөтүҥ сэлиэнньэтиттэн төрүттээхпин.","2025-03-17T18:53:03.657933Z"
447,"1","2025-03-17T18:53:43.699914Z",447,38.366,"Positive","Сир баайын хостуур тосхоллору элбэх сыллаах уопуппутугар тирэҕирэн, хотугу айылҕа уратытын билэр дьон быһыытынан, бэйэбит оҥоробут.","2025-03-17T18:53:43.699997Z"
448,"1","2025-03-17T18:54:20.398425Z",448,34.797,"Positive","Тыа сиригэр мээнэ сылдьыбат уонна сылдьыбатаҕым ырааппыт буолан, туох эрэ үчүгэйи, үтүөнү, сэргэх сэһэни истээри испэр долгуйабын.","2025-03-17T18:54:20.398507Z"
449,"1","2025-03-17T18:54:50.640240Z",449,27.951,"Neutral","Үтүө дьыала” хамсааһын билиҥҥи салайааччыта бүгүн этиллибит этиилэр барыта дьүүллэнэн форсайт-сессия резолюциятыгар киириэ диэн эрэннэрдэ.","2025-03-17T18:54:50.640324Z"
450,"1","2025-03-17T18:54:59.222698Z",450,4.557,"Neutral","Только для пайщиков СКПК ""Ссудо-Сберегательный Союз"".","2025-03-17T18:54:59.222836Z"
451,"1","2025-03-17T18:55:26.559050Z",451,26.173,"Neutral","Онон дьүөгэбин кытта дьиэ куортамнаан олоробут.","2025-03-17T18:55:26.559131Z"
452,"1","2025-03-17T18:55:40.151565Z",452,12.21,"Neutral","Бырабыыталыстыба дьиэтигэр 2000 сылы түмүктүүр мунньахха бу хамсааһын түмүгэ таһаарыллыбыта.","2025-03-17T18:55:40.151644Z"
453,"1","2025-03-17T18:56:19.859191Z",453,37.79,"Neutral","Олоҥхом ситиһиилэрин этэр буоллахха, аан маҥнай Уус Алдан Бороҕонугар С.","2025-03-17T18:56:19.859288Z"
454,"1","2025-03-18T12:48:28.109450Z",454,48.215,"Neutral","Бу идэҕэ үлэһиттэрбит кэлэ-бара тураллар.","2025-03-18T12:48:28.109533Z"
455,"1","2025-03-18T12:49:31.065837Z",455,60.888,"Neutral","Олоҥхо тыллара уустук соҕус этилэр буолан баран, түргэнник өйдөөбүтүм.","2025-03-18T12:49:31.066018Z"
456,"1","2025-03-18T12:50:08.617828Z",456,35.761,"Neutral","Мин 4 км бүтэйинэн эргитиллэр мэччирэҥ буолуохтаах сирим ортотугар күөл баар, урут кус ытар эбэбит этэ.","2025-03-18T12:50:08.617969Z"
457,"1","2025-03-18T12:51:02.053497Z",457,49.202,"Positive","Ол иһин күнүс ыскылааппар үлэлии-үлэлии, барытын билиэх-көрүөх баҕам батарбакка, киэһээҥҥи өттүгэр күн аайы хайа маастарын кытта учаастагы кэрийсэрим, оҥорон таһаарыыны үөрэтэрим.","2025-03-18T12:51:02.053582Z"
458,"1","2025-03-18T12:51:09.632374Z",458,6.006,"Neutral","Үбүлээһинэ - 130 мөл.","2025-03-18T12:51:09.632455Z"
459,"1","2025-03-18T12:51:38.737944Z",459,27.441,"Positive","Ити курдук айар куттаах дьон, түмсэн дуоһуйа кэпсэтэн, санаа үллэстэн, инники былааннары торумнаан, күүс-уох, сэниэ бөҕө эбинэн, бары астынан-дуоһуйан тарҕастыбыт.","2025-03-18T12:51:38.738020Z"
460,"1","2025-03-18T12:52:15.763436Z",460,35.469,"Negative","Арай тас дойду сорох технологияларын уонна тэриллэрин туттартан аккаастанарга тиийбиттэр.","2025-03-18T12:52:15.763516Z"
461,"1","2025-03-18T12:52:38.444043Z",461,21.118,"Negative","Хомойуох иһин, учууталлар маннык ньыманы билбэттэр.","2025-03-18T12:52:38.444135Z"
462,"1","2025-03-18T12:52:52.348493Z",462,12.563,"Neutral","Талаҕы, дулҕа төбөтүн сииллэр.","2025-03-18T12:52:52.348572Z"
463,"1","2025-03-18T12:53:05.894455Z",463,12.1,"Neutral","Сааспар ким да наадыйбатаҕа.","2025-03-18T12:53:05.894534Z"
464,"1","2025-03-18T12:53:14.456417Z",464,7.27,"Neutral","2005 сыллаахха Петр Семенович Ефремов дьаһалынан “Бөртө” сылгы собуота” ХЭТ диэн буолбуппут.","2025-03-18T12:53:14.456503Z"
465,"1","2025-03-18T12:53:49.775506Z",465,33.731,"Neutral","Маннык кэпэрээссийэ баан суох сиригэр үлэлиэхтээх.","2025-03-18T12:53:49.775585Z"
466,"1","2025-03-18T12:54:42.686835Z",466,50.792,"Positive","Төрөөбүт айылҕатыгар итинник харыстабыллаах сыһыаннааҕа сөхтөрөн, ол кылгас түгэн умнуллубаттыы хаалан хаалбыт.","2025-03-18T12:54:42.686914Z"
467,"1","2025-03-18T12:55:16.343154Z",467,29.975,"Negative","Мин өйбүттэн тахсан хаалбытым.","2025-03-18T12:55:16.343235Z"
468,"1","2025-03-18T12:56:04.507582Z",468,45.714,"Neutral","Бу күҥҥэ Өксөкүлээх Өлөксөй аатынан норуоттар доҕордоһууларын дьиэтигэр Александр Жирков олоҥхо уонна ыһыах быстыспат ситимнээхтэрин бэлиэтээн эттэ.","2025-03-18T12:56:04.507662Z"
469,"1","2025-03-18T12:56:17.957009Z",469,10.528,"Neutral","Оннооҕор мин биир ый Дьокуускайга баран кэлэрбэр 50 тыһ.","2025-03-18T12:56:17.957089Z"
470,"1","2025-03-18T12:56:49.264609Z",470,29.525,"Positive","Саҥа инбэнтээринэн, тэрилинэн хааччыйабыт, саҥа, сонун сиэксийэлэри уонна хайысхалары киллэрэбит.","2025-03-18T12:56:49.264687Z"
471,"1","2025-03-18T12:57:25.931732Z",471,33.032,"Negative","Мин ону утара сатыыр этим.","2025-03-18T12:57:25.931811Z"
472,"1","2025-03-18T12:58:02.868598Z",472,34.791,"Positive","Саамай сүрүн туруорсуубут – биһиги субъект элбэх боломуочуйаны бэйэтигэр ылан сүрүн боппуруостары бэйэтэ быһаарарын курдук бырааптанарын туруорсабыт.","2025-03-18T12:58:02.868679Z"
473,"1","2025-03-18T12:58:39.603183Z",473,35.298,"Negative","Ол эрээри дакаастыыр кыаҕыҥ суох, сабаҕалаан этэҕин.","2025-03-18T12:58:39.603266Z"
474,"1","2025-03-18T12:58:51.422363Z",474,10.423,"Neutral","Сержант сыбаанньалаахпын, артылыарыйа пуолкатыгар эрэспиэскэ отделениетын хамандыырабын.","2025-03-18T12:58:51.422441Z"
475,"1","2025-03-18T12:59:12.483852Z",475,19.861,"Neutral","Чэпчэтиини туһанар дьон тустаах докумуоннарын көрдөрүөхтээхтэр.","2025-03-18T12:59:12.483934Z"
476,"1","2025-03-18T12:59:17.302325Z",476,3.405,"Neutral","ТХМ-тан өссө  урут “160 тыһ.","2025-03-18T12:59:17.302405Z"
477,"1","2025-03-18T13:00:32.588918Z",477,73.418,"Negative","Аҕыйах хонуктааҕыта Дьокуускайга олорор 33 саастаах урбаанньыт кыыс криптовалюта “атыылаһабын” дии санаан, баантан кирэдьиит ылан, 16 709 000 солкуобайын түөкүттэргэ ыытта.","2025-03-18T13:00:32.588999Z"
478,"1","2025-03-18T13:01:09.862133Z",478,34.631,"Neutral","Хамаандаҕа өрөспүүбүлүкэ бары кэриэтэ улууһун оҕолоро киирбиттэр.","2025-03-18T13:01:09.862211Z"
479,"1","2025-03-18T13:07:59.080784Z",479,406.831,"Neutral","буолуохтаах да сабаас, оччоҕо эрэ тыа сиригэр дьон сүөһү ииттиэ” дииллэр.","2025-03-18T13:07:59.080862Z"
480,"1","2025-03-18T13:08:15.468144Z",480,14.945,"Neutral","Маныаха дьон ыйытыкка хоруйуттан түөрт көрүҥ мадьыал баара көстөр.","2025-03-18T13:08:15.468221Z"
481,"1","2025-03-18T13:10:05.337419Z",481,108.466,"Neutral","Өскөтүн өссө биир күннээхтэрэ буоллар, үлэ түмүгэ олох таһыччы буолуо эбитэ үһү.","2025-03-18T13:10:05.337497Z"
482,"1","2025-03-18T13:10:54.806691Z",482,47.467,"Positive","Хата, дьон-сэргэ ыҥырыыны сөпкө ылынан, тутууну бэйэлэрин илиилэригэр ылбыттара, күргүөмүнэн үлэлээбитэрэ, харчы хомуйбуттара.","2025-03-18T13:10:54.806770Z"
483,"1","2025-03-18T13:11:26.806009Z",483,28.513,"Negative","Оттон Валентина Никифоровна төрөппүт кыыһа: “Үс киһи тыыныгар турбут рецидивискэ 20 сыл диэн олус кыра!","2025-03-18T13:11:26.806091Z"
484,"1","2025-03-18T13:11:34.594287Z",484,3.243,"Neutral","Оттон билигин бастакы оҕо хапытаала 630,4 тыс.","2025-03-18T13:11:34.594450Z"
485,"1","2025-03-18T13:12:17.516292Z",485,41.009,"Positive","Оҕо эрдэхпиттэн мэлдьи Хампаҕа эһэлээх эбэбэр сайылыырым, кинилэр миигин үлэни таптыырга, сүрэхтээх буоларга үөрэппиттэрэ.","2025-03-18T13:12:17.516382Z"
486,"1","2025-03-18T13:13:17.170007Z",486,56.114,"Negative","Оттон кини илиитэ-атаҕа бааллыбыт буоллаҕына, пууну тутар харчыта, ыттары тутар үбэ суох буоллаҕына, аҥаардас бэйэтэ эрэ эппиэттиирэ төһө сөбүй?","2025-03-18T13:13:17.170085Z"
487,"1","2025-03-18T13:13:59.074125Z",487,39.885,"Positive","Бу икки айымньы таптал араас иэйиитин эттэллэр да, дьылҕа хаан оҥоһуутунан хас биирдии киһи бу орто дойдуга дьоллоох буолуохтааҕын, иэримэ дьиэ иччилээн, оҕо-уруу тэнитэр ыйаахтааҕар эрэли саҕар айымньылар.","2025-03-18T13:13:59.074206Z"
488,"1","2025-03-18T13:14:31.232892Z",488,30.93,"Negative","Оттон онно ханнык идэҕэ үөрэнэн, хайдах үлэҕэ киириэххин сөбүн туһунан элбэхтик кэпсээбэттэрэ.","2025-03-18T13:14:31.232971Z"
489,"1","2025-03-18T13:15:13.361883Z",489,38.831,"Neutral","Мин үөрэҕи бүтэрэр сылбар өлбүтэ.","2025-03-18T13:15:13.362545Z"
490,"1","2025-03-18T13:16:12.435471Z",490,57.674,"Neutral","СӨ баай-дуол, сир сыһыаннаһыыларын  миниистирин бастакы солбуйааччытынан  үлэлии олорон баайы-дуолу олохтоох бэйэни салайыныыга бэриллиитин үлэтин сүрүннэспитэ.","2025-03-18T13:16:12.435549Z"
491,"1","2025-03-18T13:16:20.140894Z",491,6.267,"Positive","Волейболист кыргыттар, художественнай гимнастикаҕа, путбуолга кыттааччыларбыт олус үчүгэйдик киирсэн тураллар.","2025-03-18T13:16:20.140974Z"
492,"1","2025-03-18T13:17:01.796926Z",492,40.048,"Neutral","Кинилэр иэс ылааччыны ымпыгар-чымпыгар тиийэ үөрэтэллэр.","2025-03-18T13:17:01.797006Z"
493,"1","2025-03-18T13:17:59.213662Z",493,55.878,"Neutral","Кылгас тохтобулга кураанах кэриэтэ платформаҕа биир оннук кураанах богуонтан хойутаабыт уоппускалаахтар саккыраһан тахсан, тустаах сирдэригэр тиэтэйэллэр.","2025-03-18T13:17:59.213741Z"
494,"1","2025-03-18T13:18:14.110438Z",494,13.525,"Positive","Стерх” бэстибээл гала-кэнсиэригэр дьон-сэргэ хас биирдии хамсаныыны, сюжет хас биирдии хаамыытын олус истиҥник, үөрэ-көтө ылыммыта.","2025-03-18T13:18:14.110524Z"
495,"1","2025-03-18T13:18:34.850440Z",495,18.834,"Neutral","Аны туран, олохтоох бэйэни салайыныыга кэккэ уратылар бааллар, холобур, нэһилиэнньэ мунньаҕынан быһаарыллар боппуруостар бааллар, киэҥ иһитиннэриигэ тахсар (публичные слушания) боппуруостара бааллар.","2025-03-18T13:18:34.850520Z"
496,"1","2025-03-18T13:19:18.648620Z",496,46.598000000000006,"Positive","Накыыннааҕы сир баайдаах сиргэ массыынаны өрөмүөннүүр силиэсэр үлэтэ – сир баайын хостуур тиэхиньикэ-массыына тохтоло суох үлэтин хааччыйарга кырата суох суолталаах тутаах идэ.","2025-03-18T13:20:39.715729Z"
497,"1","2025-03-18T13:22:18.668127Z",497,85.077,"Positive","Кини “Үрүччэ” ансаамбылы тэрийэн оҕолорго саха тылын сүмэтин иҥэрэн төрүт культурабыт сайдарыгар биир дьоһун кылаатын киллэрсибитэ.","2025-03-18T13:22:18.668286Z"
498,"1","2025-03-18T13:23:00.702759Z",498,39.73,"Positive","Биһиги хас биирдиилэригэр эрэнэбит”.","2025-03-18T13:23:00.702840Z"
499,"1","2025-03-18T13:24:36.893890Z",499,94.469,"Neutral","Холобур, билиҥҥитэ “дьиҥ­нээх эр киһи” уонна “дьиҥ­нээх эр” диэн өйдөбүллэр – “бу көмүскээччи” уонна “бу булааччы-талааччы, хааччыйааччы” – майгыннаһар эбит буоллахтарына, “дьиҥнээх дьахтар” уонна “дьиҥнээх ойох” диэн өйдө­бүллэр атын-атыттар уонна ардылара эмиэ атан иһэр кэриҥнээх.","2025-03-18T13:24:36.904038Z"
500,"1","2025-03-18T13:25:39.859511Z",500,61.012,"Neutral","Оччотугар учууталга үөрэҕи-билиини биэрэригэр быдан чэпчиир.","2025-03-18T13:25:39.859590Z"
